2026-06-23 11:07:45,470 - INFO - Loading services...
2026-06-23 11:07:45,473 - INFO - No device provided, using cpu
2026-06-23 11:07:46,900 - INFO - HTTP Request: HEAD https://huggingface.co/sentence-transformers/all-MiniLM-L6-v2/resolve/main/modules.json "HTTP/1.1 307 Temporary Redirect"
2026-06-23 11:07:47,148 - INFO - HTTP Request: HEAD https://huggingface.co/api/resolve-cache/models/sentence-transformers/all-MiniLM-L6-v2/1110a243fdf4706b3f48f1d95db1a4f5529b4d41/modules.json "HTTP/1.1 200 OK"
2026-06-23 11:07:47,913 - INFO - HTTP Request: HEAD https://huggingface.co/sentence-transformers/all-MiniLM-L6-v2/resolve/main/config_sentence_transformers.json "HTTP/1.1 307 Temporary Redirect"
2026-06-23 11:07:48,162 - INFO - HTTP Request: HEAD https://huggingface.co/api/resolve-cache/models/sentence-transformers/all-MiniLM-L6-v2/1110a243fdf4706b3f48f1d95db1a4f5529b4d41/config_sentence_transformers.json "HTTP/1.1 200 OK"
2026-06-23 11:07:48,186 - INFO - Loading SentenceTransformer model from sentence-transformers/all-MiniLM-L6-v2.
2026-06-23 11:07:48,674 - INFO - HTTP Request: HEAD https://huggingface.co/sentence-transformers/all-MiniLM-L6-v2/resolve/main/config_sentence_transformers.json "HTTP/1.1 307 Temporary Redirect"
2026-06-23 11:07:48,935 - INFO - HTTP Request: HEAD https://huggingface.co/api/resolve-cache/models/sentence-transformers/all-MiniLM-L6-v2/1110a243fdf4706b3f48f1d95db1a4f5529b4d41/config_sentence_transformers.json "HTTP/1.1 200 OK"
2026-06-23 11:07:49,449 - INFO - HTTP Request: HEAD https://huggingface.co/sentence-transformers/all-MiniLM-L6-v2/resolve/main/README.md "HTTP/1.1 307 Temporary Redirect"
2026-06-23 11:07:49,451 - WARNING - Warning: You are sending unauthenticated requests to the HF Hub. Please set a HF_TOKEN to enable higher rate limits and faster downloads.
2026-06-23 11:07:49,698 - INFO - HTTP Request: HEAD https://huggingface.co/api/resolve-cache/models/sentence-transformers/all-MiniLM-L6-v2/1110a243fdf4706b3f48f1d95db1a4f5529b4d41/README.md "HTTP/1.1 200 OK"
2026-06-23 11:07:50,206 - INFO - HTTP Request: HEAD https://huggingface.co/sentence-transformers/all-MiniLM-L6-v2/resolve/main/modules.json "HTTP/1.1 307 Temporary Redirect"
2026-06-23 11:07:50,452 - INFO - HTTP Request: HEAD https://huggingface.co/api/resolve-cache/models/sentence-transformers/all-MiniLM-L6-v2/1110a243fdf4706b3f48f1d95db1a4f5529b4d41/modules.json "HTTP/1.1 200 OK"
2026-06-23 11:07:50,922 - INFO - HTTP Request: HEAD https://huggingface.co/sentence-transformers/all-MiniLM-L6-v2/resolve/main/sentence_bert_config.json "HTTP/1.1 307 Temporary Redirect"
2026-06-23 11:07:51,170 - INFO - HTTP Request: HEAD https://huggingface.co/api/resolve-cache/models/sentence-transformers/all-MiniLM-L6-v2/1110a243fdf4706b3f48f1d95db1a4f5529b4d41/sentence_bert_config.json "HTTP/1.1 200 OK"
2026-06-23 11:07:51,662 - INFO - HTTP Request: HEAD https://huggingface.co/sentence-transformers/all-MiniLM-L6-v2/resolve/main/adapter_config.json "HTTP/1.1 404 Not Found"
2026-06-23 11:07:52,127 - INFO - HTTP Request: HEAD https://huggingface.co/sentence-transformers/all-MiniLM-L6-v2/resolve/main/config.json "HTTP/1.1 307 Temporary Redirect"
2026-06-23 11:07:52,381 - INFO - HTTP Request: HEAD https://huggingface.co/api/resolve-cache/models/sentence-transformers/all-MiniLM-L6-v2/1110a243fdf4706b3f48f1d95db1a4f5529b4d41/config.json "HTTP/1.1 200 OK"
2026-06-23 11:07:53,208 - INFO - HTTP Request: HEAD https://huggingface.co/sentence-transformers/all-MiniLM-L6-v2/resolve/main/processor_config.json "HTTP/1.1 404 Not Found"
2026-06-23 11:07:53,668 - INFO - HTTP Request: HEAD https://huggingface.co/sentence-transformers/all-MiniLM-L6-v2/resolve/main/preprocessor_config.json "HTTP/1.1 404 Not Found"
2026-06-23 11:07:54,131 - INFO - HTTP Request: HEAD https://huggingface.co/sentence-transformers/all-MiniLM-L6-v2/resolve/main/video_preprocessor_config.json "HTTP/1.1 404 Not Found"
2026-06-23 11:07:54,589 - INFO - HTTP Request: HEAD https://huggingface.co/sentence-transformers/all-MiniLM-L6-v2/resolve/main/preprocessor_config.json "HTTP/1.1 404 Not Found"
2026-06-23 11:07:55,182 - INFO - HTTP Request: HEAD https://huggingface.co/sentence-transformers/all-MiniLM-L6-v2/resolve/main/tokenizer_config.json "HTTP/1.1 307 Temporary Redirect"
2026-06-23 11:07:55,486 - INFO - HTTP Request: HEAD https://huggingface.co/api/resolve-cache/models/sentence-transformers/all-MiniLM-L6-v2/1110a243fdf4706b3f48f1d95db1a4f5529b4d41/tokenizer_config.json "HTTP/1.1 200 OK"
2026-06-23 11:07:55,999 - INFO - HTTP Request: HEAD https://huggingface.co/sentence-transformers/all-MiniLM-L6-v2/resolve/main/config.json "HTTP/1.1 307 Temporary Redirect"
2026-06-23 11:07:56,307 - INFO - HTTP Request: HEAD https://huggingface.co/api/resolve-cache/models/sentence-transformers/all-MiniLM-L6-v2/1110a243fdf4706b3f48f1d95db1a4f5529b4d41/config.json "HTTP/1.1 200 OK"
2026-06-23 11:07:56,767 - INFO - HTTP Request: HEAD https://huggingface.co/sentence-transformers/all-MiniLM-L6-v2/resolve/main/config.json "HTTP/1.1 307 Temporary Redirect"
2026-06-23 11:07:57,015 - INFO - HTTP Request: HEAD https://huggingface.co/api/resolve-cache/models/sentence-transformers/all-MiniLM-L6-v2/1110a243fdf4706b3f48f1d95db1a4f5529b4d41/config.json "HTTP/1.1 200 OK"
2026-06-23 11:07:57,480 - INFO - HTTP Request: HEAD https://huggingface.co/sentence-transformers/all-MiniLM-L6-v2/resolve/main/tokenizer_config.json "HTTP/1.1 307 Temporary Redirect"
2026-06-23 11:07:57,729 - INFO - HTTP Request: HEAD https://huggingface.co/api/resolve-cache/models/sentence-transformers/all-MiniLM-L6-v2/1110a243fdf4706b3f48f1d95db1a4f5529b4d41/tokenizer_config.json "HTTP/1.1 200 OK"
2026-06-23 11:07:58,209 - INFO - HTTP Request: GET https://huggingface.co/api/models/sentence-transformers/all-MiniLM-L6-v2/tree/main/additional_chat_templates?recursive=false&expand=false "HTTP/1.1 404 Not Found"
2026-06-23 11:07:58,765 - INFO - HTTP Request: GET https://huggingface.co/api/models/sentence-transformers/all-MiniLM-L6-v2/tree/main?recursive=true&expand=false "HTTP/1.1 200 OK"
2026-06-23 11:07:59,382 - INFO - HTTP Request: HEAD https://huggingface.co/sentence-transformers/all-MiniLM-L6-v2/resolve/main/1_Pooling/config.json "HTTP/1.1 307 Temporary Redirect"
2026-06-23 11:07:59,633 - INFO - HTTP Request: HEAD https://huggingface.co/api/resolve-cache/models/sentence-transformers/all-MiniLM-L6-v2/1110a243fdf4706b3f48f1d95db1a4f5529b4d41/1_Pooling%2Fconfig.json "HTTP/1.1 200 OK"
2026-06-23 11:08:00,114 - INFO - HTTP Request: GET https://huggingface.co/api/models/sentence-transformers/all-MiniLM-L6-v2 "HTTP/1.1 200 OK"
2026-06-23 11:08:00,135 - INFO - No device provided, using cpu
2026-06-23 11:08:00,607 - INFO - HTTP Request: HEAD https://huggingface.co/sentence-transformers/all-MiniLM-L6-v2/resolve/main/modules.json "HTTP/1.1 307 Temporary Redirect"
2026-06-23 11:08:00,854 - INFO - HTTP Request: HEAD https://huggingface.co/api/resolve-cache/models/sentence-transformers/all-MiniLM-L6-v2/1110a243fdf4706b3f48f1d95db1a4f5529b4d41/modules.json "HTTP/1.1 200 OK"
2026-06-23 11:08:01,324 - INFO - HTTP Request: HEAD https://huggingface.co/sentence-transformers/all-MiniLM-L6-v2/resolve/main/config_sentence_transformers.json "HTTP/1.1 307 Temporary Redirect"
2026-06-23 11:08:01,572 - INFO - HTTP Request: HEAD https://huggingface.co/api/resolve-cache/models/sentence-transformers/all-MiniLM-L6-v2/1110a243fdf4706b3f48f1d95db1a4f5529b4d41/config_sentence_transformers.json "HTTP/1.1 200 OK"
2026-06-23 11:08:01,576 - INFO - Loading SentenceTransformer model from sentence-transformers/all-MiniLM-L6-v2.
2026-06-23 11:08:02,049 - INFO - HTTP Request: HEAD https://huggingface.co/sentence-transformers/all-MiniLM-L6-v2/resolve/main/config_sentence_transformers.json "HTTP/1.1 307 Temporary Redirect"
2026-06-23 11:08:02,333 - INFO - HTTP Request: HEAD https://huggingface.co/api/resolve-cache/models/sentence-transformers/all-MiniLM-L6-v2/1110a243fdf4706b3f48f1d95db1a4f5529b4d41/config_sentence_transformers.json "HTTP/1.1 200 OK"
2026-06-23 11:08:02,798 - INFO - HTTP Request: HEAD https://huggingface.co/sentence-transformers/all-MiniLM-L6-v2/resolve/main/README.md "HTTP/1.1 307 Temporary Redirect"
2026-06-23 11:08:03,065 - INFO - HTTP Request: HEAD https://huggingface.co/api/resolve-cache/models/sentence-transformers/all-MiniLM-L6-v2/1110a243fdf4706b3f48f1d95db1a4f5529b4d41/README.md "HTTP/1.1 200 OK"
2026-06-23 11:08:03,526 - INFO - HTTP Request: HEAD https://huggingface.co/sentence-transformers/all-MiniLM-L6-v2/resolve/main/modules.json "HTTP/1.1 307 Temporary Redirect"
2026-06-23 11:08:03,783 - INFO - HTTP Request: HEAD https://huggingface.co/api/resolve-cache/models/sentence-transformers/all-MiniLM-L6-v2/1110a243fdf4706b3f48f1d95db1a4f5529b4d41/modules.json "HTTP/1.1 200 OK"
2026-06-23 11:08:04,239 - INFO - HTTP Request: HEAD https://huggingface.co/sentence-transformers/all-MiniLM-L6-v2/resolve/main/sentence_bert_config.json "HTTP/1.1 307 Temporary Redirect"
2026-06-23 11:08:04,500 - INFO - HTTP Request: HEAD https://huggingface.co/api/resolve-cache/models/sentence-transformers/all-MiniLM-L6-v2/1110a243fdf4706b3f48f1d95db1a4f5529b4d41/sentence_bert_config.json "HTTP/1.1 200 OK"
2026-06-23 11:08:04,965 - INFO - HTTP Request: HEAD https://huggingface.co/sentence-transformers/all-MiniLM-L6-v2/resolve/main/adapter_config.json "HTTP/1.1 404 Not Found"
2026-06-23 11:08:05,524 - INFO - HTTP Request: HEAD https://huggingface.co/sentence-transformers/all-MiniLM-L6-v2/resolve/main/config.json "HTTP/1.1 307 Temporary Redirect"
2026-06-23 11:08:05,835 - INFO - HTTP Request: HEAD https://huggingface.co/api/resolve-cache/models/sentence-transformers/all-MiniLM-L6-v2/1110a243fdf4706b3f48f1d95db1a4f5529b4d41/config.json "HTTP/1.1 200 OK"
2026-06-23 11:08:06,461 - INFO - HTTP Request: HEAD https://huggingface.co/sentence-transformers/all-MiniLM-L6-v2/resolve/main/processor_config.json "HTTP/1.1 404 Not Found"
2026-06-23 11:08:06,922 - INFO - HTTP Request: HEAD https://huggingface.co/sentence-transformers/all-MiniLM-L6-v2/resolve/main/preprocessor_config.json "HTTP/1.1 404 Not Found"
2026-06-23 11:08:07,386 - INFO - HTTP Request: HEAD https://huggingface.co/sentence-transformers/all-MiniLM-L6-v2/resolve/main/video_preprocessor_config.json "HTTP/1.1 404 Not Found"
2026-06-23 11:08:07,841 - INFO - HTTP Request: HEAD https://huggingface.co/sentence-transformers/all-MiniLM-L6-v2/resolve/main/preprocessor_config.json "HTTP/1.1 404 Not Found"
2026-06-23 11:08:08,301 - INFO - HTTP Request: HEAD https://huggingface.co/sentence-transformers/all-MiniLM-L6-v2/resolve/main/tokenizer_config.json "HTTP/1.1 307 Temporary Redirect"
2026-06-23 11:08:08,556 - INFO - HTTP Request: HEAD https://huggingface.co/api/resolve-cache/models/sentence-transformers/all-MiniLM-L6-v2/1110a243fdf4706b3f48f1d95db1a4f5529b4d41/tokenizer_config.json "HTTP/1.1 200 OK"
2026-06-23 11:08:09,020 - INFO - HTTP Request: HEAD https://huggingface.co/sentence-transformers/all-MiniLM-L6-v2/resolve/main/config.json "HTTP/1.1 307 Temporary Redirect"
2026-06-23 11:08:09,310 - INFO - HTTP Request: HEAD https://huggingface.co/api/resolve-cache/models/sentence-transformers/all-MiniLM-L6-v2/1110a243fdf4706b3f48f1d95db1a4f5529b4d41/config.json "HTTP/1.1 200 OK"
2026-06-23 11:08:09,776 - INFO - HTTP Request: HEAD https://huggingface.co/sentence-transformers/all-MiniLM-L6-v2/resolve/main/config.json "HTTP/1.1 307 Temporary Redirect"
2026-06-23 11:08:10,022 - INFO - HTTP Request: HEAD https://huggingface.co/api/resolve-cache/models/sentence-transformers/all-MiniLM-L6-v2/1110a243fdf4706b3f48f1d95db1a4f5529b4d41/config.json "HTTP/1.1 200 OK"
2026-06-23 11:08:10,533 - INFO - HTTP Request: HEAD https://huggingface.co/sentence-transformers/all-MiniLM-L6-v2/resolve/main/tokenizer_config.json "HTTP/1.1 307 Temporary Redirect"
2026-06-23 11:08:10,848 - INFO - HTTP Request: HEAD https://huggingface.co/api/resolve-cache/models/sentence-transformers/all-MiniLM-L6-v2/1110a243fdf4706b3f48f1d95db1a4f5529b4d41/tokenizer_config.json "HTTP/1.1 200 OK"
2026-06-23 11:08:11,309 - INFO - HTTP Request: GET https://huggingface.co/api/models/sentence-transformers/all-MiniLM-L6-v2/tree/main/additional_chat_templates?recursive=false&expand=false "HTTP/1.1 404 Not Found"
2026-06-23 11:08:11,768 - INFO - HTTP Request: GET https://huggingface.co/api/models/sentence-transformers/all-MiniLM-L6-v2/tree/main?recursive=true&expand=false "HTTP/1.1 200 OK"
2026-06-23 11:08:12,341 - INFO - HTTP Request: HEAD https://huggingface.co/sentence-transformers/all-MiniLM-L6-v2/resolve/main/1_Pooling/config.json "HTTP/1.1 307 Temporary Redirect"
2026-06-23 11:08:12,590 - INFO - HTTP Request: HEAD https://huggingface.co/api/resolve-cache/models/sentence-transformers/all-MiniLM-L6-v2/1110a243fdf4706b3f48f1d95db1a4f5529b4d41/1_Pooling%2Fconfig.json "HTTP/1.1 200 OK"
2026-06-23 11:08:13,050 - INFO - HTTP Request: GET https://huggingface.co/api/models/sentence-transformers/all-MiniLM-L6-v2 "HTTP/1.1 200 OK"
2026-06-23 11:08:13,066 - INFO - Services loaded successfully
2026-06-23 11:08:29,620 - INFO - GET / Status=200 Time=0.003s
2026-06-23 11:10:49,735 - INFO - GET /docs Status=200 Time=0.002s
2026-06-23 11:10:51,144 - INFO - GET /openapi.json Status=200 Time=0.02s
2026-06-23 11:11:20,044 - INFO - GET /health Status=200 Time=0.005s
2026-06-23 11:12:08,488 - ERROR - Only PDF and TXT supported
2026-06-23 11:12:08,490 - INFO - POST /documents/upload Status=500 Time=0.018s
2026-06-23 11:12:08,558 - INFO - 1 change detected
2026-06-23 11:12:09,881 - INFO - 1 change detected
2026-06-23 11:12:54,751 - INFO - 1 change detected
2026-06-23 11:12:56,273 - INFO - 1 change detected
2026-06-23 11:12:56,456 - INFO - Loading faiss with AVX2 support.
2026-06-23 11:12:56,456 - INFO - Could not load library with AVX2 support due to:
ModuleNotFoundError("No module named 'faiss.swigfaiss_avx2'")
2026-06-23 11:12:56,456 - INFO - Loading faiss.
2026-06-23 11:12:57,468 - INFO - Successfully loaded faiss.
2026-06-23 11:12:57,548 - INFO - 5 changes detected
2026-06-23 11:12:57,589 - INFO - Document uploaded: Design phase - Copy.pdf
2026-06-23 11:12:57,590 - INFO - POST /documents/upload Status=200 Time=2.961s
2026-06-23 11:13:51,170 - INFO - POST /search Status=200 Time=0.038s
2026-06-23 11:14:40,121 - INFO - POST /ask Status=200 Time=0.035s
2026-06-23 11:15:33,765 - INFO - 1 change detected
2026-06-23 11:15:34,124 - INFO - 1 change detected
2026-06-23 11:15:34,484 - INFO - 1 change detected
2026-06-23 11:15:34,843 - INFO - 1 change detected
2026-06-23 11:15:35,201 - INFO - 1 change detected
2026-06-23 11:15:35,561 - INFO - 1 change detected
2026-06-23 11:15:35,922 - INFO - 1 change detected
2026-06-23 11:15:36,283 - INFO - 1 change detected
2026-06-23 11:15:36,693 - INFO - 1 change detected
2026-06-23 11:15:37,097 - INFO - 1 change detected
2026-06-23 11:15:37,505 - INFO - 1 change detected
2026-06-23 11:15:37,909 - INFO - 1 change detected
2026-06-23 11:15:38,314 - INFO - 1 change detected
2026-06-23 11:15:38,721 - INFO - 1 change detected
2026-06-23 11:15:39,127 - INFO - 1 change detected
2026-06-23 11:15:39,535 - INFO - 1 change detected
2026-06-23 11:15:39,940 - INFO - 1 change detected
2026-06-23 11:15:40,346 - INFO - 1 change detected
2026-06-23 11:15:40,750 - INFO - 1 change detected
2026-06-23 11:15:41,155 - INFO - 1 change detected
2026-06-23 11:15:41,560 - INFO - 1 change detected
2026-06-23 11:15:41,965 - INFO - 1 change detected
2026-06-23 11:15:42,373 - INFO - 1 change detected
2026-06-23 11:15:42,778 - INFO - 1 change detected
2026-06-23 11:15:43,186 - INFO - 1 change detected
2026-06-23 11:15:43,590 - INFO - 1 change detected
2026-06-23 11:15:43,994 - INFO - 1 change detected
2026-06-23 11:15:44,400 - INFO - 1 change detected
2026-06-23 11:15:44,806 - INFO - 1 change detected
2026-06-23 11:15:45,213 - INFO - 1 change detected
2026-06-23 11:15:45,670 - INFO - 1 change detected
2026-06-23 11:15:46,033 - INFO - 1 change detected
2026-06-23 11:15:46,440 - INFO - 1 change detected
2026-06-23 11:15:46,845 - INFO - 1 change detected
2026-06-23 11:15:47,252 - INFO - 1 change detected
2026-06-23 11:15:47,660 - INFO - 1 change detected
2026-06-23 11:15:48,069 - INFO - 1 change detected
2026-06-23 11:15:48,473 - INFO - 1 change detected
2026-06-23 11:15:48,878 - INFO - 1 change detected
2026-06-23 11:15:49,236 - INFO - 1 change detected
2026-06-23 11:15:49,595 - INFO - 1 change detected
2026-06-23 11:15:49,957 - INFO - 1 change detected
2026-06-23 11:15:50,362 - INFO - 1 change detected
2026-06-23 11:15:50,772 - INFO - 1 change detected
2026-06-23 11:15:51,178 - INFO - 1 change detected
2026-06-23 11:15:51,582 - INFO - 1 change detected
2026-06-23 11:15:51,988 - INFO - 1 change detected
2026-06-23 11:15:52,395 - INFO - 1 change detected
2026-06-23 11:15:52,803 - INFO - 1 change detected
2026-06-23 11:15:53,258 - INFO - 1 change detected
2026-06-23 11:15:53,624 - INFO - 1 change detected
2026-06-23 11:15:54,033 - INFO - 1 change detected
2026-06-23 11:15:54,441 - INFO - 1 change detected
2026-06-23 11:15:54,846 - INFO - 1 change detected
2026-06-23 11:15:55,253 - INFO - 1 change detected
2026-06-23 11:15:55,607 - INFO - 1 change detected
2026-06-23 11:15:55,969 - INFO - 1 change detected
2026-06-23 11:15:56,328 - INFO - 1 change detected
2026-06-23 11:15:56,688 - INFO - 1 change detected
2026-06-23 11:15:57,044 - INFO - 1 change detected
2026-06-23 11:15:57,405 - INFO - 1 change detected
2026-06-23 11:15:57,764 - INFO - 1 change detected
2026-06-23 11:15:58,120 - INFO - 1 change detected
2026-06-23 11:15:58,530 - INFO - 1 change detected
2026-06-23 11:15:58,939 - INFO - 1 change detected
2026-06-23 11:15:59,346 - INFO - 1 change detected
2026-06-23 11:15:59,756 - INFO - 1 change detected
2026-06-23 11:16:00,112 - INFO - 1 change detected
2026-06-23 11:16:00,521 - INFO - 1 change detected
2026-06-23 11:16:00,927 - INFO - 1 change detected
2026-06-23 11:16:01,332 - INFO - 1 change detected
2026-06-23 11:16:01,738 - INFO - 1 change detected
2026-06-23 11:16:02,144 - INFO - 1 change detected
2026-06-23 11:16:02,549 - INFO - 1 change detected
2026-06-23 11:16:02,955 - INFO - 1 change detected
2026-06-23 11:16:03,364 - INFO - 1 change detected
2026-06-23 11:16:03,772 - INFO - 1 change detected
2026-06-23 11:16:04,176 - INFO - 1 change detected
2026-06-23 11:16:04,581 - INFO - 1 change detected
2026-06-23 11:16:04,988 - INFO - 1 change detected
2026-06-23 11:16:05,391 - INFO - 1 change detected
2026-06-23 11:16:05,796 - INFO - 1 change detected
2026-06-23 11:16:06,204 - INFO - 1 change detected
2026-06-23 11:16:06,612 - INFO - 1 change detected
2026-06-23 11:16:07,019 - INFO - 1 change detected
2026-06-23 11:16:07,422 - INFO - 1 change detected
2026-06-23 11:16:07,826 - INFO - 1 change detected
2026-06-23 11:16:08,236 - INFO - 1 change detected
2026-06-23 11:16:08,644 - INFO - 1 change detected
2026-06-23 11:16:09,006 - INFO - 1 change detected
2026-06-23 11:16:09,419 - INFO - 1 change detected
2026-06-23 11:16:09,826 - INFO - 1 change detected
2026-06-23 11:16:10,230 - INFO - 1 change detected
2026-06-23 11:16:10,636 - INFO - 1 change detected
2026-06-23 11:16:11,045 - INFO - 1 change detected
2026-06-23 11:16:11,449 - INFO - 1 change detected
2026-06-23 11:16:11,854 - INFO - 1 change detected
2026-06-23 11:16:12,260 - INFO - 1 change detected
2026-06-23 11:16:12,670 - INFO - 1 change detected
2026-06-23 11:16:13,031 - INFO - 1 change detected
2026-06-23 11:16:13,448 - INFO - 1 change detected
2026-06-23 11:16:13,857 - INFO - 1 change detected
2026-06-23 11:16:14,261 - INFO - 1 change detected
2026-06-23 11:16:14,668 - INFO - 1 change detected
2026-06-23 11:16:15,075 - INFO - 1 change detected
2026-06-23 11:16:15,485 - INFO - 1 change detected
2026-06-23 11:16:15,891 - INFO - 1 change detected
2026-06-23 11:16:16,294 - INFO - 1 change detected
2026-06-23 11:16:16,701 - INFO - 1 change detected
2026-06-23 11:16:17,105 - INFO - 1 change detected
2026-06-23 11:16:17,512 - INFO - 1 change detected
2026-06-23 11:16:17,914 - INFO - 1 change detected
2026-06-23 11:16:18,321 - INFO - 1 change detected
2026-06-23 11:16:18,725 - INFO - 1 change detected
2026-06-23 11:16:19,134 - INFO - 1 change detected
2026-06-23 11:16:19,538 - INFO - 1 change detected
2026-06-23 11:16:19,941 - INFO - 1 change detected
2026-06-23 11:16:20,347 - INFO - 1 change detected
2026-06-23 11:16:20,756 - INFO - 1 change detected
2026-06-23 11:16:21,160 - INFO - 1 change detected
2026-06-23 11:16:21,570 - INFO - 1 change detected
2026-06-23 11:16:21,938 - INFO - 1 change detected
2026-06-23 11:16:22,349 - INFO - 1 change detected
2026-06-23 11:16:22,754 - INFO - 1 change detected
2026-06-23 11:16:23,159 - INFO - 1 change detected
2026-06-23 11:16:23,564 - INFO - 1 change detected
2026-06-23 11:16:23,969 - INFO - 1 change detected
2026-06-23 11:16:24,376 - INFO - 1 change detected
2026-06-23 11:16:24,783 - INFO - 1 change detected
2026-06-23 11:16:25,189 - INFO - 1 change detected
2026-06-23 11:16:25,596 - INFO - 1 change detected
2026-06-23 11:16:26,004 - INFO - 1 change detected
2026-06-23 11:16:26,408 - INFO - 1 change detected
2026-06-23 11:16:26,815 - INFO - 1 change detected
2026-06-23 11:16:27,224 - INFO - 1 change detected
2026-06-23 11:16:27,577 - INFO - 1 change detected
2026-06-23 11:16:27,989 - INFO - 1 change detected
2026-06-23 11:16:28,394 - INFO - 1 change detected
2026-06-23 11:16:28,798 - INFO - 1 change detected
2026-06-23 11:16:29,201 - INFO - 1 change detected
2026-06-23 11:16:29,611 - INFO - 1 change detected
2026-06-23 11:16:30,014 - INFO - 1 change detected
2026-06-23 11:16:30,419 - INFO - 1 change detected
2026-06-23 11:16:30,828 - INFO - 1 change detected
2026-06-23 11:16:31,235 - INFO - 1 change detected
2026-06-23 11:16:31,641 - INFO - 1 change detected
2026-06-23 11:16:32,047 - INFO - 1 change detected
2026-06-23 11:16:32,453 - INFO - 1 change detected
2026-06-23 11:16:32,856 - INFO - 1 change detected
2026-06-23 11:16:33,263 - INFO - 1 change detected
2026-06-23 11:16:33,670 - INFO - 1 change detected
2026-06-23 11:16:34,076 - INFO - 1 change detected
2026-06-23 11:16:34,484 - INFO - 1 change detected
2026-06-23 11:16:34,891 - INFO - 1 change detected
2026-06-23 11:16:35,299 - INFO - 1 change detected
2026-06-23 11:16:35,659 - INFO - 1 change detected
2026-06-23 11:16:36,070 - INFO - 1 change detected
2026-06-23 11:16:36,479 - INFO - 1 change detected
2026-06-23 11:16:36,838 - INFO - 1 change detected
2026-06-23 11:16:37,252 - INFO - 1 change detected
2026-06-23 11:16:37,661 - INFO - 1 change detected
2026-06-23 11:16:38,070 - INFO - 1 change detected
2026-06-23 11:16:38,486 - INFO - 1 change detected
2026-06-23 11:16:38,839 - INFO - 1 change detected
2026-06-23 11:16:39,251 - INFO - 1 change detected
2026-06-23 11:16:39,664 - INFO - 1 change detected
2026-06-23 11:16:40,067 - INFO - 1 change detected
2026-06-23 11:16:40,431 - INFO - 1 change detected
2026-06-23 11:16:40,845 - INFO - 1 change detected
2026-06-23 11:16:41,257 - INFO - 1 change detected
2026-06-23 11:16:41,670 - INFO - 1 change detected
2026-06-23 11:16:42,075 - INFO - 1 change detected
2026-06-23 11:16:42,479 - INFO - 1 change detected
2026-06-23 11:16:42,883 - INFO - 1 change detected
2026-06-23 11:16:43,292 - INFO - 1 change detected
2026-06-23 11:16:43,695 - INFO - 1 change detected
2026-06-23 11:16:44,099 - INFO - 1 change detected
2026-06-23 11:16:44,506 - INFO - 1 change detected
2026-06-23 11:16:44,909 - INFO - 1 change detected
2026-06-23 11:16:45,316 - INFO - 1 change detected
2026-06-23 11:16:45,722 - INFO - 1 change detected
2026-06-23 11:16:46,128 - INFO - 1 change detected
2026-06-23 11:16:46,533 - INFO - 1 change detected
2026-06-23 11:16:46,943 - INFO - 1 change detected
2026-06-23 11:16:47,346 - INFO - 1 change detected
2026-06-23 11:16:47,755 - INFO - 1 change detected
2026-06-23 11:16:48,159 - INFO - 1 change detected
2026-06-23 11:16:48,566 - INFO - 1 change detected
2026-06-23 11:16:48,972 - INFO - 1 change detected
2026-06-23 11:16:49,378 - INFO - 1 change detected
2026-06-23 11:16:49,786 - INFO - 1 change detected
2026-06-23 11:16:50,193 - INFO - 1 change detected
2026-06-23 11:16:50,601 - INFO - 1 change detected
2026-06-23 11:16:51,005 - INFO - 1 change detected
2026-06-23 11:16:51,410 - INFO - 1 change detected
2026-06-23 11:16:51,816 - INFO - 1 change detected
2026-06-23 11:16:52,223 - INFO - 1 change detected
2026-06-23 11:16:52,629 - INFO - 1 change detected
2026-06-23 11:16:53,035 - INFO - 1 change detected
2026-06-23 11:16:53,439 - INFO - 1 change detected
2026-06-23 11:16:53,845 - INFO - 1 change detected
2026-06-23 11:16:54,254 - INFO - 1 change detected
2026-06-23 11:16:54,664 - INFO - 1 change detected
2026-06-23 11:16:55,074 - INFO - 1 change detected
2026-06-23 11:16:55,487 - INFO - 1 change detected
2026-06-23 11:16:55,898 - INFO - 1 change detected
2026-06-23 11:16:56,257 - INFO - 1 change detected
2026-06-23 11:16:56,673 - INFO - 1 change detected
2026-06-23 11:16:57,090 - INFO - 1 change detected
2026-06-23 11:16:57,448 - INFO - 1 change detected
2026-06-23 11:16:57,863 - INFO - 1 change detected
2026-06-23 11:16:58,266 - INFO - 1 change detected
2026-06-23 11:16:58,672 - INFO - 1 change detected
2026-06-23 11:16:59,076 - INFO - 1 change detected
2026-06-23 11:16:59,479 - INFO - 1 change detected
2026-06-23 11:16:59,888 - INFO - 1 change detected
2026-06-23 11:17:00,290 - INFO - 1 change detected
2026-06-23 11:17:00,696 - INFO - 1 change detected
2026-06-23 11:17:01,098 - INFO - 1 change detected
2026-06-23 11:17:01,504 - INFO - 1 change detected
2026-06-23 11:17:01,909 - INFO - 1 change detected
2026-06-23 11:17:02,314 - INFO - 1 change detected
2026-06-23 11:17:02,719 - INFO - 1 change detected
2026-06-23 11:17:03,176 - INFO - 1 change detected
2026-06-23 11:17:03,579 - INFO - 1 change detected
2026-06-23 11:17:03,934 - INFO - 1 change detected
2026-06-23 11:17:04,394 - INFO - 1 change detected
2026-06-23 11:17:04,760 - INFO - 1 change detected
2026-06-23 11:17:05,170 - INFO - 1 change detected
2026-06-23 11:17:05,575 - INFO - 1 change detected
2026-06-23 11:17:05,981 - INFO - 1 change detected
2026-06-23 11:17:06,388 - INFO - 1 change detected
2026-06-23 11:17:06,794 - INFO - 1 change detected
2026-06-23 11:17:07,202 - INFO - 1 change detected
2026-06-23 11:17:07,607 - INFO - 1 change detected
2026-06-23 11:17:08,014 - INFO - 1 change detected
2026-06-23 11:17:08,418 - INFO - 1 change detected
2026-06-23 11:17:08,826 - INFO - 1 change detected
2026-06-23 11:17:09,234 - INFO - 1 change detected
2026-06-23 11:17:09,638 - INFO - 1 change detected
2026-06-23 11:17:10,044 - INFO - 1 change detected
2026-06-23 11:17:10,451 - INFO - 1 change detected
2026-06-23 11:17:10,857 - INFO - 1 change detected
2026-06-23 11:17:11,264 - INFO - 1 change detected
2026-06-23 11:17:11,667 - INFO - 1 change detected
2026-06-23 11:17:12,074 - INFO - 1 change detected
2026-06-23 11:17:12,479 - INFO - 1 change detected
2026-06-23 11:17:12,880 - INFO - 1 change detected
2026-06-23 11:17:13,287 - INFO - 1 change detected
2026-06-23 11:17:13,692 - INFO - 1 change detected
2026-06-23 11:17:14,052 - INFO - 1 change detected
2026-06-23 11:17:14,463 - INFO - 1 change detected
2026-06-23 11:17:16,231 - INFO - 1 change detected
2026-06-23 11:17:16,584 - INFO - 1 change detected
2026-06-23 11:17:16,942 - INFO - 1 change detected
2026-06-23 11:17:17,352 - INFO - 1 change detected
2026-06-23 11:17:17,810 - INFO - 1 change detected
2026-06-23 11:17:18,176 - INFO - 1 change detected
2026-06-23 11:17:18,588 - INFO - 1 change detected
2026-06-23 11:17:18,994 - INFO - 1 change detected
2026-06-23 11:17:19,401 - INFO - 1 change detected
2026-06-23 11:17:19,807 - INFO - 1 change detected
2026-06-23 11:17:20,210 - INFO - 1 change detected
2026-06-23 11:17:20,617 - INFO - 1 change detected
2026-06-23 11:17:21,020 - INFO - 1 change detected
2026-06-23 11:17:21,429 - INFO - 1 change detected
2026-06-23 11:17:21,833 - INFO - 1 change detected
2026-06-23 11:17:22,238 - INFO - 1 change detected
2026-06-23 11:17:22,644 - INFO - 1 change detected
2026-06-23 11:17:23,049 - INFO - 1 change detected
2026-06-23 11:17:23,455 - INFO - 1 change detected
2026-06-23 11:17:23,862 - INFO - 1 change detected
2026-06-23 11:17:24,272 - INFO - 1 change detected
2026-06-23 11:17:24,675 - INFO - 1 change detected
2026-06-23 11:17:25,082 - INFO - 1 change detected
2026-06-23 11:17:25,492 - INFO - 1 change detected
2026-06-23 11:17:25,896 - INFO - 1 change detected
2026-06-23 11:17:26,304 - INFO - 1 change detected
2026-06-23 11:17:26,707 - INFO - 1 change detected
2026-06-23 11:17:27,112 - INFO - 1 change detected
2026-06-23 11:17:27,519 - INFO - 1 change detected
2026-06-23 11:17:27,923 - INFO - 1 change detected
2026-06-23 11:17:28,330 - INFO - 1 change detected
2026-06-23 11:17:28,739 - INFO - 1 change detected
2026-06-23 11:17:29,155 - INFO - 1 change detected
2026-06-23 11:17:29,565 - INFO - 1 change detected
2026-06-23 11:17:29,966 - INFO - 1 change detected
2026-06-23 11:17:30,374 - INFO - 1 change detected
2026-06-23 11:17:30,781 - INFO - 1 change detected
2026-06-23 11:17:31,188 - INFO - 1 change detected
2026-06-23 11:17:31,597 - INFO - 1 change detected
2026-06-23 11:17:31,958 - INFO - 1 change detected
2026-06-23 11:17:32,372 - INFO - 1 change detected
2026-06-23 11:17:32,783 - INFO - 1 change detected
2026-06-23 11:17:33,192 - INFO - 1 change detected
2026-06-23 11:17:33,547 - INFO - 1 change detected
2026-06-23 11:17:33,957 - INFO - 1 change detected
2026-06-23 11:17:34,360 - INFO - 1 change detected
2026-06-23 11:17:34,764 - INFO - 1 change detected
2026-06-23 11:17:35,222 - INFO - 1 change detected
2026-06-23 11:17:35,586 - INFO - 1 change detected
2026-06-23 11:17:35,994 - INFO - 1 change detected
2026-06-23 11:17:36,401 - INFO - 2 changes detected
2026-06-23 11:17:36,804 - INFO - 1 change detected
2026-06-23 11:17:37,209 - INFO - 1 change detected
2026-06-23 11:17:37,620 - INFO - 1 change detected
2026-06-23 11:17:38,023 - INFO - 1 change detected
2026-06-23 11:17:38,428 - INFO - 1 change detected
2026-06-23 11:17:38,833 - INFO - 1 change detected
2026-06-23 11:17:39,240 - INFO - 1 change detected
2026-06-23 11:17:39,645 - INFO - 1 change detected
2026-06-23 11:17:40,052 - INFO - 1 change detected
2026-06-23 11:17:40,507 - INFO - 2 changes detected
2026-06-23 11:17:40,912 - INFO - 1 change detected
2026-06-23 11:17:41,317 - INFO - 1 change detected
2026-06-23 11:17:41,723 - INFO - 1 change detected
2026-06-23 11:17:42,130 - INFO - 1 change detected
2026-06-23 11:17:42,537 - INFO - 1 change detected
2026-06-23 11:17:42,941 - INFO - 2 changes detected
2026-06-23 11:17:43,347 - INFO - 1 change detected
2026-06-23 11:17:43,753 - INFO - 1 change detected
2026-06-23 11:17:44,160 - INFO - 1 change detected
2026-06-23 11:17:44,567 - INFO - 1 change detected
2026-06-23 11:17:44,971 - INFO - 1 change detected
2026-06-23 11:17:45,377 - INFO - 1 change detected
2026-06-23 11:17:45,786 - INFO - 1 change detected
2026-06-23 11:17:46,190 - INFO - 1 change detected
2026-06-23 11:17:46,597 - INFO - 1 change detected
2026-06-23 11:17:47,001 - INFO - 1 change detected
2026-06-23 11:17:47,406 - INFO - 1 change detected
2026-06-23 11:17:47,809 - INFO - 1 change detected
2026-06-23 11:17:48,214 - INFO - 1 change detected
2026-06-23 11:17:48,619 - INFO - 1 change detected
2026-06-23 11:17:49,024 - INFO - 1 change detected
2026-06-23 11:17:49,427 - INFO - 1 change detected
2026-06-23 11:17:49,833 - INFO - 1 change detected
2026-06-23 11:17:50,237 - INFO - 1 change detected
2026-06-23 11:17:50,644 - INFO - 1 change detected
2026-06-23 11:17:51,052 - INFO - 1 change detected
2026-06-23 11:17:51,456 - INFO - 1 change detected
2026-06-23 11:17:51,864 - INFO - 1 change detected
2026-06-23 11:17:52,268 - INFO - 1 change detected
2026-06-23 11:17:52,676 - INFO - 1 change detected
2026-06-23 11:17:53,077 - INFO - 1 change detected
2026-06-23 11:17:53,487 - INFO - 1 change detected
2026-06-23 11:17:53,947 - INFO - 1 change detected
2026-06-23 11:17:54,353 - INFO - 1 change detected
2026-06-23 11:17:54,716 - INFO - 1 change detected
2026-06-23 11:17:55,133 - INFO - 1 change detected
2026-06-23 11:17:55,543 - INFO - 1 change detected
2026-06-23 11:17:55,950 - INFO - 1 change detected
2026-06-23 11:17:56,360 - INFO - 1 change detected
2026-06-23 11:17:56,768 - INFO - 1 change detected
2026-06-23 11:17:57,176 - INFO - 1 change detected
2026-06-23 11:17:57,533 - INFO - 1 change detected
2026-06-23 11:17:57,946 - INFO - 1 change detected
2026-06-23 11:17:58,354 - INFO - 1 change detected
2026-06-23 11:17:58,759 - INFO - 1 change detected
2026-06-23 11:17:59,167 - INFO - 1 change detected
2026-06-23 11:17:59,574 - INFO - 1 change detected
2026-06-23 11:17:59,980 - INFO - 1 change detected
2026-06-23 11:18:00,434 - INFO - 1 change detected
2026-06-23 11:18:00,789 - INFO - 1 change detected
2026-06-23 11:18:01,198 - INFO - 1 change detected
2026-06-23 11:18:01,758 - INFO - 1 change detected
2026-06-23 11:18:02,168 - INFO - 1 change detected
2026-06-23 11:18:02,572 - INFO - 1 change detected
2026-06-23 11:18:02,982 - INFO - 1 change detected
2026-06-23 11:18:03,386 - INFO - 1 change detected
2026-06-23 11:18:03,842 - INFO - 1 change detected
2026-06-23 11:18:04,208 - INFO - 1 change detected
2026-06-23 11:18:04,821 - INFO - 1 change detected
2026-06-23 11:18:05,179 - INFO - 2 changes detected
2026-06-23 11:18:08,642 - INFO - 1 change detected
2026-06-23 11:18:23,209 - INFO - 6 changes detected
2026-06-23 11:18:23,618 - INFO - 1 change detected
2026-06-23 11:18:24,028 - INFO - 1 change detected
2026-06-23 11:18:24,439 - INFO - 1 change detected
2026-06-23 11:18:24,798 - INFO - 1 change detected
2026-06-23 11:18:25,210 - INFO - 1 change detected
2026-06-23 11:18:25,616 - INFO - 1 change detected
2026-06-23 11:18:26,021 - INFO - 1 change detected
2026-06-23 11:18:26,425 - INFO - 1 change detected
2026-06-23 11:18:26,829 - INFO - 1 change detected
2026-06-23 11:18:27,235 - INFO - 1 change detected
2026-06-23 11:18:27,644 - INFO - 1 change detected
2026-06-23 11:18:28,046 - INFO - 1 change detected
2026-06-23 11:18:28,452 - INFO - 1 change detected
2026-06-23 11:18:28,858 - INFO - 1 change detected
2026-06-23 11:18:29,224 - INFO - 1 change detected
2026-06-23 11:18:29,635 - INFO - 1 change detected
2026-06-23 11:18:30,040 - INFO - 1 change detected
2026-06-23 11:18:30,446 - INFO - 1 change detected
2026-06-23 11:18:30,850 - INFO - 1 change detected
2026-06-23 11:18:31,253 - INFO - 1 change detected
2026-06-23 11:18:31,655 - INFO - 1 change detected
2026-06-23 11:18:32,058 - INFO - 1 change detected
2026-06-23 11:18:32,463 - INFO - 1 change detected
2026-06-23 11:18:32,917 - INFO - 1 change detected
2026-06-23 11:18:33,283 - INFO - 1 change detected
2026-06-23 11:18:33,687 - INFO - 1 change detected
2026-06-23 11:18:34,093 - INFO - 1 change detected
2026-06-23 11:18:34,499 - INFO - 1 change detected
2026-06-23 11:18:34,902 - INFO - 1 change detected
2026-06-23 11:18:35,317 - INFO - 1 change detected
2026-06-23 11:18:35,723 - INFO - 1 change detected
2026-06-23 11:18:36,134 - INFO - 1 change detected
2026-06-23 11:18:36,496 - INFO - 1 change detected
2026-06-23 11:18:36,900 - INFO - 1 change detected
2026-06-23 11:18:37,302 - INFO - 1 change detected
2026-06-23 11:18:37,707 - INFO - 1 change detected
2026-06-23 11:18:38,165 - INFO - 1 change detected
2026-06-23 11:18:38,580 - INFO - 1 change detected
2026-06-23 11:18:38,985 - INFO - 1 change detected
2026-06-23 11:18:39,388 - INFO - 1 change detected
2026-06-23 11:18:39,795 - INFO - 1 change detected
2026-06-23 11:18:40,161 - INFO - 1 change detected
2026-06-23 11:18:40,570 - INFO - 1 change detected
2026-06-23 11:18:40,973 - INFO - 1 change detected
2026-06-23 11:18:41,383 - INFO - 1 change detected
2026-06-23 11:18:41,787 - INFO - 1 change detected
2026-06-23 11:18:42,192 - INFO - 1 change detected
2026-06-23 11:18:42,594 - INFO - 1 change detected
2026-06-23 11:18:43,000 - INFO - 1 change detected
2026-06-23 11:18:43,407 - INFO - 1 change detected
2026-06-23 11:18:43,809 - INFO - 1 change detected
2026-06-23 11:18:44,215 - INFO - 1 change detected
2026-06-23 11:18:44,620 - INFO - 1 change detected
2026-06-23 11:18:45,026 - INFO - 1 change detected
2026-06-23 11:18:45,431 - INFO - 1 change detected
2026-06-23 11:18:45,839 - INFO - 1 change detected
2026-06-23 11:18:46,248 - INFO - 1 change detected
2026-06-23 11:18:46,655 - INFO - 1 change detected
2026-06-23 11:18:47,062 - INFO - 1 change detected
2026-06-23 11:18:47,423 - INFO - 1 change detected
2026-06-23 11:18:47,887 - INFO - 1 change detected
2026-06-23 11:18:48,253 - INFO - 1 change detected
2026-06-23 11:18:48,664 - INFO - 1 change detected
2026-06-23 11:18:49,071 - INFO - 1 change detected
2026-06-23 11:18:49,481 - INFO - 1 change detected
2026-06-23 11:18:49,889 - INFO - 1 change detected
2026-06-23 11:18:50,296 - INFO - 1 change detected
2026-06-23 11:18:50,704 - INFO - 1 change detected
2026-06-23 11:18:51,111 - INFO - 1 change detected
2026-06-23 11:18:51,520 - INFO - 1 change detected
2026-06-23 11:18:51,926 - INFO - 1 change detected
2026-06-23 11:18:52,328 - INFO - 1 change detected
2026-06-23 11:18:52,733 - INFO - 1 change detected
2026-06-23 11:18:53,138 - INFO - 1 change detected
2026-06-23 11:18:53,543 - INFO - 1 change detected
2026-06-23 11:18:53,952 - INFO - 1 change detected
2026-06-23 11:18:54,360 - INFO - 1 change detected
2026-06-23 11:18:54,766 - INFO - 1 change detected
2026-06-23 11:18:55,172 - INFO - 1 change detected
2026-06-23 11:18:55,578 - INFO - 1 change detected
2026-06-23 11:18:55,983 - INFO - 1 change detected
2026-06-23 11:18:56,388 - INFO - 1 change detected
2026-06-23 11:18:56,794 - INFO - 1 change detected
2026-06-23 11:18:57,201 - INFO - 1 change detected
2026-06-23 11:18:57,606 - INFO - 1 change detected
2026-06-23 11:18:58,012 - INFO - 1 change detected
2026-06-23 11:18:58,418 - INFO - 1 change detected
2026-06-23 11:18:58,825 - INFO - 1 change detected
2026-06-23 11:18:59,236 - INFO - 1 change detected
2026-06-23 11:18:59,598 - INFO - 1 change detected
2026-06-23 11:19:00,013 - INFO - 1 change detected
2026-06-23 11:19:00,420 - INFO - 1 change detected
2026-06-23 11:19:00,829 - INFO - 1 change detected
2026-06-23 11:19:01,235 - INFO - 1 change detected
2026-06-23 11:19:01,650 - INFO - 1 change detected
2026-06-23 11:19:02,060 - INFO - 1 change detected
2026-06-23 11:19:02,468 - INFO - 1 change detected
2026-06-23 11:19:02,828 - INFO - 1 change detected
2026-06-23 11:19:03,241 - INFO - 1 change detected
2026-06-23 11:19:03,653 - INFO - 1 change detected
2026-06-23 11:19:04,061 - INFO - 1 change detected
2026-06-23 11:19:04,420 - INFO - 1 change detected
2026-06-23 11:19:04,831 - INFO - 1 change detected
2026-06-23 11:19:05,234 - INFO - 1 change detected
2026-06-23 11:19:05,638 - INFO - 1 change detected
2026-06-23 11:19:06,095 - INFO - 1 change detected
2026-06-23 11:19:06,452 - INFO - 1 change detected
2026-06-23 11:19:06,865 - INFO - 1 change detected
2026-06-23 11:19:07,271 - INFO - 1 change detected
2026-06-23 11:19:07,676 - INFO - 1 change detected
2026-06-23 11:19:08,135 - INFO - 1 change detected
2026-06-23 11:19:08,740 - INFO - 1 change detected
2026-06-23 11:19:09,096 - INFO - 1 change detected
2026-06-23 11:19:09,505 - INFO - 1 change detected
2026-06-23 11:19:09,861 - INFO - 1 change detected
2026-06-23 11:19:10,221 - INFO - 1 change detected
2026-06-23 11:19:10,581 - INFO - 1 change detected
2026-06-23 11:19:10,937 - INFO - 1 change detected
2026-06-23 11:19:11,298 - INFO - 1 change detected
2026-06-23 11:19:11,654 - INFO - 1 change detected
2026-06-23 11:19:12,014 - INFO - 1 change detected
2026-06-23 11:19:12,373 - INFO - 1 change detected
2026-06-23 11:19:12,786 - INFO - 1 change detected
2026-06-23 11:19:13,142 - INFO - 1 change detected
2026-06-23 11:19:13,502 - INFO - 1 change detected
2026-06-23 11:19:13,863 - INFO - 1 change detected
2026-06-23 11:19:14,220 - INFO - 1 change detected
2026-06-23 11:19:14,581 - INFO - 1 change detected
2026-06-23 11:19:14,946 - INFO - 1 change detected
2026-06-23 11:19:15,305 - INFO - 1 change detected
2026-06-23 11:19:15,665 - INFO - 1 change detected
2026-06-23 11:19:16,030 - INFO - 1 change detected
2026-06-23 11:19:16,389 - INFO - 1 change detected
2026-06-23 11:19:16,752 - INFO - 2 changes detected
2026-06-23 11:19:17,146 - INFO - 1 change detected
2026-06-23 11:19:17,507 - INFO - 1 change detected
2026-06-23 11:19:17,869 - INFO - 1 change detected
2026-06-23 11:19:18,231 - INFO - 1 change detected
2026-06-23 11:19:18,593 - INFO - 1 change detected
2026-06-23 11:19:18,954 - INFO - 2 changes detected
2026-06-23 11:19:31,743 - INFO - 2 changes detected
2026-06-23 11:20:01,623 - INFO - 1 change detected
2026-06-23 11:20:01,986 - INFO - 1 change detected
2026-06-23 11:20:02,395 - INFO - 1 change detected
2026-06-23 11:20:02,801 - INFO - 1 change detected
2026-06-23 11:20:03,158 - INFO - 1 change detected
2026-06-23 11:20:03,619 - INFO - 1 change detected
2026-06-23 11:20:03,999 - INFO - 1 change detected
2026-06-23 11:20:04,401 - INFO - 1 change detected
2026-06-23 11:20:04,862 - INFO - 1 change detected
2026-06-23 11:20:05,280 - INFO - 1 change detected
2026-06-23 11:20:05,686 - INFO - 1 change detected
2026-06-23 11:20:06,103 - INFO - 1 change detected
2026-06-23 11:20:06,506 - INFO - 1 change detected
2026-06-23 11:20:06,913 - INFO - 1 change detected
2026-06-23 11:20:07,318 - INFO - 1 change detected
2026-06-23 11:20:07,751 - INFO - 1 change detected
2026-06-23 11:20:08,177 - INFO - 1 change detected
2026-06-23 11:20:08,581 - INFO - 1 change detected
2026-06-23 11:20:09,003 - INFO - 1 change detected
2026-06-23 11:20:09,405 - INFO - 1 change detected
2026-06-23 11:20:09,812 - INFO - 1 change detected
2026-06-23 11:20:10,170 - INFO - 1 change detected
2026-06-23 11:20:10,585 - INFO - 1 change detected
2026-06-23 11:20:11,002 - INFO - 1 change detected
2026-06-23 11:20:11,413 - INFO - 1 change detected
2026-06-23 11:20:11,772 - INFO - 1 change detected
2026-06-23 11:20:12,184 - INFO - 1 change detected
2026-06-23 11:20:12,592 - INFO - 1 change detected
2026-06-23 11:20:12,998 - INFO - 1 change detected
2026-06-23 11:20:13,404 - INFO - 1 change detected
2026-06-23 11:20:13,812 - INFO - 1 change detected
2026-06-23 11:20:14,218 - INFO - 1 change detected
2026-06-23 11:20:14,635 - INFO - 1 change detected
2026-06-23 11:20:15,053 - INFO - 1 change detected
2026-06-23 11:20:15,409 - INFO - 1 change detected
2026-06-23 11:20:15,819 - INFO - 1 change detected
2026-06-23 11:20:16,220 - INFO - 1 change detected
2026-06-23 11:20:16,629 - INFO - 1 change detected
2026-06-23 11:20:17,034 - INFO - 1 change detected
2026-06-23 11:20:17,444 - INFO - 1 change detected
2026-06-23 11:20:17,849 - INFO - 1 change detected
2026-06-23 11:20:18,259 - INFO - 1 change detected
2026-06-23 11:20:18,666 - INFO - 1 change detected
2026-06-23 11:20:19,073 - INFO - 1 change detected
2026-06-23 11:20:19,428 - INFO - 1 change detected
2026-06-23 11:20:19,835 - INFO - 1 change detected
2026-06-23 11:20:20,243 - INFO - 1 change detected
2026-06-23 11:20:20,645 - INFO - 1 change detected
2026-06-23 11:20:21,062 - INFO - 1 change detected
2026-06-23 11:20:21,469 - INFO - 1 change detected
2026-06-23 11:20:21,872 - INFO - 1 change detected
2026-06-23 11:20:22,280 - INFO - 1 change detected
2026-06-23 11:20:22,686 - INFO - 1 change detected
2026-06-23 11:20:23,095 - INFO - 1 change detected
2026-06-23 11:20:23,501 - INFO - 1 change detected
2026-06-23 11:20:23,906 - INFO - 1 change detected
2026-06-23 11:20:24,311 - INFO - 1 change detected
2026-06-23 11:20:24,715 - INFO - 1 change detected
2026-06-23 11:20:25,118 - INFO - 1 change detected
2026-06-23 11:20:25,527 - INFO - 1 change detected
2026-06-23 11:20:25,936 - INFO - 1 change detected
2026-06-23 11:20:26,340 - INFO - 1 change detected
2026-06-23 11:20:26,748 - INFO - 1 change detected
2026-06-23 11:20:27,152 - INFO - 1 change detected
2026-06-23 11:20:27,559 - INFO - 1 change detected
2026-06-23 11:20:27,964 - INFO - 1 change detected
2026-06-23 11:20:28,372 - INFO - 1 change detected
2026-06-23 11:20:28,779 - INFO - 1 change detected
2026-06-23 11:20:29,132 - INFO - 1 change detected
2026-06-23 11:20:29,541 - INFO - 1 change detected
2026-06-23 11:20:29,951 - INFO - 1 change detected
2026-06-23 11:20:30,357 - INFO - 1 change detected
2026-06-23 11:20:30,761 - INFO - 1 change detected
2026-06-23 11:20:31,168 - INFO - 1 change detected
2026-06-23 11:20:31,574 - INFO - 1 change detected
2026-06-23 11:20:31,980 - INFO - 1 change detected
2026-06-23 11:20:32,388 - INFO - 1 change detected
2026-06-23 11:20:32,792 - INFO - 1 change detected
2026-06-23 11:20:33,199 - INFO - 1 change detected
2026-06-23 11:20:33,605 - INFO - 1 change detected
2026-06-23 11:20:34,021 - INFO - 1 change detected
2026-06-23 11:20:34,425 - INFO - 1 change detected
2026-06-23 11:20:34,829 - INFO - 1 change detected
2026-06-23 11:20:35,238 - INFO - 1 change detected
2026-06-23 11:20:35,656 - INFO - 1 change detected
2026-06-23 11:20:36,069 - INFO - 1 change detected
2026-06-23 11:20:36,479 - INFO - 1 change detected
2026-06-23 11:20:36,885 - INFO - 1 change detected
2026-06-23 11:20:37,288 - INFO - 1 change detected
2026-06-23 11:20:37,692 - INFO - 1 change detected
2026-06-23 11:20:38,096 - INFO - 1 change detected
2026-06-23 11:20:38,503 - INFO - 1 change detected
2026-06-23 11:20:38,909 - INFO - 1 change detected
2026-06-23 11:20:39,314 - INFO - 1 change detected
2026-06-23 11:20:39,719 - INFO - 1 change detected
2026-06-23 11:20:40,126 - INFO - 1 change detected
2026-06-23 11:20:40,533 - INFO - 1 change detected
2026-06-23 11:20:40,938 - INFO - 1 change detected
2026-06-23 11:20:41,341 - INFO - 1 change detected
2026-06-23 11:20:41,746 - INFO - 1 change detected
2026-06-23 11:20:42,162 - INFO - 1 change detected
2026-06-23 11:20:42,567 - INFO - 1 change detected
2026-06-23 11:20:42,970 - INFO - 1 change detected
2026-06-23 11:20:43,374 - INFO - 1 change detected
2026-06-23 11:20:43,791 - INFO - 1 change detected
2026-06-23 11:20:44,194 - INFO - 1 change detected
2026-06-23 11:20:44,597 - INFO - 1 change detected
2026-06-23 11:20:45,003 - INFO - 1 change detected
2026-06-23 11:20:45,408 - INFO - 1 change detected
2026-06-23 11:20:45,813 - INFO - 1 change detected
2026-06-23 11:20:46,216 - INFO - 1 change detected
2026-06-23 11:20:46,619 - INFO - 1 change detected
2026-06-23 11:20:47,026 - INFO - 1 change detected
2026-06-23 11:20:47,433 - INFO - 1 change detected
2026-06-23 11:20:47,836 - INFO - 1 change detected
2026-06-23 11:20:48,242 - INFO - 1 change detected
2026-06-23 11:20:48,647 - INFO - 1 change detected
2026-06-23 11:20:49,051 - INFO - 1 change detected
2026-06-23 11:20:49,457 - INFO - 1 change detected
2026-06-23 11:20:49,862 - INFO - 1 change detected
2026-06-23 11:20:50,270 - INFO - 1 change detected
2026-06-23 11:20:50,677 - INFO - 1 change detected
2026-06-23 11:20:51,081 - INFO - 1 change detected
2026-06-23 11:20:51,488 - INFO - 1 change detected
2026-06-23 11:20:51,896 - INFO - 1 change detected
2026-06-23 11:20:52,302 - INFO - 1 change detected
2026-06-23 11:20:52,711 - INFO - 1 change detected
2026-06-23 11:20:53,116 - INFO - 1 change detected
2026-06-23 11:20:53,523 - INFO - 1 change detected
2026-06-23 11:20:53,934 - INFO - 1 change detected
2026-06-23 11:20:54,337 - INFO - 1 change detected
2026-06-23 11:20:54,740 - INFO - 1 change detected
2026-06-23 11:20:55,145 - INFO - 1 change detected
2026-06-23 11:20:55,554 - INFO - 1 change detected
2026-06-23 11:20:55,961 - INFO - 1 change detected
2026-06-23 11:20:56,318 - INFO - 1 change detected
2026-06-23 11:20:56,730 - INFO - 1 change detected
2026-06-23 11:20:57,135 - INFO - 1 change detected
2026-06-23 11:20:57,541 - INFO - 1 change detected
2026-06-23 11:20:57,995 - INFO - 1 change detected
2026-06-23 11:20:58,360 - INFO - 1 change detected
2026-06-23 11:20:58,771 - INFO - 1 change detected
2026-06-23 11:20:59,176 - INFO - 1 change detected
2026-06-23 11:20:59,581 - INFO - 1 change detected
2026-06-23 11:20:59,987 - INFO - 1 change detected
2026-06-23 11:21:00,395 - INFO - 1 change detected
2026-06-23 11:21:00,800 - INFO - 1 change detected
2026-06-23 11:21:01,206 - INFO - 1 change detected
2026-06-23 11:21:01,614 - INFO - 1 change detected
2026-06-23 11:21:02,018 - INFO - 1 change detected
2026-06-23 11:21:02,425 - INFO - 1 change detected
2026-06-23 11:21:02,831 - INFO - 1 change detected
2026-06-23 11:21:03,247 - INFO - 1 change detected
2026-06-23 11:21:03,651 - INFO - 1 change detected
2026-06-23 11:21:04,057 - INFO - 1 change detected
2026-06-23 11:21:04,464 - INFO - 1 change detected
2026-06-23 11:21:04,870 - INFO - 1 change detected
2026-06-23 11:21:05,277 - INFO - 1 change detected
2026-06-23 11:21:05,686 - INFO - 1 change detected
2026-06-23 11:21:06,093 - INFO - 1 change detected
2026-06-23 11:21:06,497 - INFO - 1 change detected
2026-06-23 11:21:06,903 - INFO - 1 change detected
2026-06-23 11:21:07,309 - INFO - 1 change detected
2026-06-23 11:21:08,017 - INFO - 1 change detected
2026-06-23 11:21:08,382 - INFO - 1 change detected
2026-06-23 11:21:08,790 - INFO - 1 change detected
2026-06-23 11:21:09,198 - INFO - 1 change detected
2026-06-23 11:21:09,552 - INFO - 1 change detected
2026-06-23 11:21:09,960 - INFO - 1 change detected
2026-06-23 11:21:10,365 - INFO - 1 change detected
2026-06-23 11:21:10,771 - INFO - 1 change detected
2026-06-23 11:21:11,178 - INFO - 1 change detected
2026-06-23 11:21:11,585 - INFO - 1 change detected
2026-06-23 11:21:11,987 - INFO - 1 change detected
2026-06-23 11:21:12,393 - INFO - 1 change detected
2026-06-23 11:21:12,797 - INFO - 1 change detected
2026-06-23 11:21:13,206 - INFO - 1 change detected
2026-06-23 11:21:13,623 - INFO - 1 change detected
2026-06-23 11:21:14,027 - INFO - 1 change detected
2026-06-23 11:21:14,436 - INFO - 1 change detected
2026-06-23 11:21:14,842 - INFO - 1 change detected
2026-06-23 11:21:15,248 - INFO - 1 change detected
2026-06-23 11:21:15,654 - INFO - 1 change detected
2026-06-23 11:21:16,060 - INFO - 1 change detected
2026-06-23 11:21:16,468 - INFO - 1 change detected
2026-06-23 11:21:16,872 - INFO - 1 change detected
2026-06-23 11:21:17,278 - INFO - 1 change detected
2026-06-23 11:21:17,684 - INFO - 1 change detected
2026-06-23 11:21:18,091 - INFO - 1 change detected
2026-06-23 11:21:18,495 - INFO - 1 change detected
2026-06-23 11:21:18,897 - INFO - 1 change detected
2026-06-23 11:21:19,306 - INFO - 1 change detected
2026-06-23 11:21:19,713 - INFO - 1 change detected
2026-06-23 11:21:20,122 - INFO - 1 change detected
2026-06-23 11:21:20,526 - INFO - 1 change detected
2026-06-23 11:21:20,930 - INFO - 1 change detected
2026-06-23 11:21:21,340 - INFO - 1 change detected
2026-06-23 11:21:21,743 - INFO - 1 change detected
2026-06-23 11:21:22,146 - INFO - 1 change detected
2026-06-23 11:21:22,550 - INFO - 1 change detected
2026-06-23 11:21:22,960 - INFO - 1 change detected
2026-06-23 11:21:23,365 - INFO - 1 change detected
2026-06-23 11:21:23,771 - INFO - 1 change detected
2026-06-23 11:21:24,178 - INFO - 1 change detected
2026-06-23 11:21:24,586 - INFO - 1 change detected
2026-06-23 11:21:24,991 - INFO - 1 change detected
2026-06-23 11:21:25,397 - INFO - 1 change detected
2026-06-23 11:21:25,805 - INFO - 1 change detected
2026-06-23 11:21:26,212 - INFO - 1 change detected
2026-06-23 11:21:26,618 - INFO - 1 change detected
2026-06-23 11:21:27,024 - INFO - 1 change detected
2026-06-23 11:21:27,429 - INFO - 1 change detected
2026-06-23 11:21:27,835 - INFO - 1 change detected
2026-06-23 11:21:28,196 - INFO - 1 change detected
2026-06-23 11:21:28,608 - INFO - 1 change detected
2026-06-23 11:21:29,017 - INFO - 1 change detected
2026-06-23 11:21:29,424 - INFO - 1 change detected
2026-06-23 11:21:29,829 - INFO - 1 change detected
2026-06-23 11:21:30,235 - INFO - 1 change detected
2026-06-23 11:21:30,641 - INFO - 1 change detected
2026-06-23 11:21:31,048 - INFO - 1 change detected
2026-06-23 11:21:31,453 - INFO - 1 change detected
2026-06-23 11:21:31,809 - INFO - 1 change detected
2026-06-23 11:21:32,219 - INFO - 1 change detected
2026-06-23 11:21:32,626 - INFO - 1 change detected
2026-06-23 11:21:33,033 - INFO - 1 change detected
2026-06-23 11:21:33,438 - INFO - 1 change detected
2026-06-23 11:21:33,843 - INFO - 1 change detected
2026-06-23 11:21:34,250 - INFO - 1 change detected
2026-06-23 11:21:34,656 - INFO - 1 change detected
2026-06-23 11:21:35,065 - INFO - 1 change detected
2026-06-23 11:21:35,473 - INFO - 1 change detected
2026-06-23 11:21:35,878 - INFO - 1 change detected
2026-06-23 11:21:36,286 - INFO - 1 change detected
2026-06-23 11:21:36,690 - INFO - 1 change detected
2026-06-23 11:21:37,096 - INFO - 1 change detected
2026-06-23 11:21:37,501 - INFO - 1 change detected
2026-06-23 11:21:37,907 - INFO - 1 change detected
2026-06-23 11:21:38,312 - INFO - 1 change detected
2026-06-23 11:21:38,717 - INFO - 1 change detected
2026-06-23 11:21:39,124 - INFO - 1 change detected
2026-06-23 11:21:39,490 - INFO - 1 change detected
2026-06-23 11:21:39,896 - INFO - 1 change detected
2026-06-23 11:21:40,302 - INFO - 1 change detected
2026-06-23 11:21:40,708 - INFO - 1 change detected
2026-06-23 11:21:41,115 - INFO - 1 change detected
2026-06-23 11:21:41,520 - INFO - 1 change detected
2026-06-23 11:21:41,929 - INFO - 1 change detected
2026-06-23 11:21:42,338 - INFO - 1 change detected
2026-06-23 11:21:42,743 - INFO - 1 change detected
2026-06-23 11:21:43,150 - INFO - 1 change detected
2026-06-23 11:21:43,554 - INFO - 1 change detected
2026-06-23 11:21:43,959 - INFO - 1 change detected
2026-06-23 11:21:44,363 - INFO - 1 change detected
2026-06-23 11:21:44,769 - INFO - 1 change detected
2026-06-23 11:21:45,177 - INFO - 1 change detected
2026-06-23 11:21:45,581 - INFO - 1 change detected
2026-06-23 11:21:45,986 - INFO - 1 change detected
2026-06-23 11:21:46,392 - INFO - 1 change detected
2026-06-23 11:21:46,795 - INFO - 1 change detected
2026-06-23 11:21:47,201 - INFO - 1 change detected
2026-06-23 11:21:47,606 - INFO - 1 change detected
2026-06-23 11:21:48,010 - INFO - 1 change detected
2026-06-23 11:21:48,416 - INFO - 1 change detected
2026-06-23 11:21:48,819 - INFO - 1 change detected
2026-06-23 11:21:49,226 - INFO - 1 change detected
2026-06-23 11:21:49,636 - INFO - 1 change detected
2026-06-23 11:21:50,043 - INFO - 1 change detected
2026-06-23 11:21:50,450 - INFO - 1 change detected
2026-06-23 11:21:50,856 - INFO - 1 change detected
2026-06-23 11:21:51,263 - INFO - 1 change detected
2026-06-23 11:21:51,666 - INFO - 1 change detected
2026-06-23 11:21:52,074 - INFO - 1 change detected
2026-06-23 11:21:52,480 - INFO - 1 change detected
2026-06-23 11:21:52,884 - INFO - 1 change detected
2026-06-23 11:21:53,289 - INFO - 1 change detected
2026-06-23 11:21:53,694 - INFO - 1 change detected
2026-06-23 11:21:54,100 - INFO - 1 change detected
2026-06-23 11:21:54,508 - INFO - 1 change detected
2026-06-23 11:21:54,911 - INFO - 1 change detected
2026-06-23 11:21:55,315 - INFO - 1 change detected
2026-06-23 11:21:55,722 - INFO - 1 change detected
2026-06-23 11:21:56,129 - INFO - 1 change detected
2026-06-23 11:21:56,532 - INFO - 1 change detected
2026-06-23 11:21:56,936 - INFO - 1 change detected
2026-06-23 11:21:57,342 - INFO - 1 change detected
2026-06-23 11:21:57,745 - INFO - 1 change detected
2026-06-23 11:21:58,154 - INFO - 1 change detected
2026-06-23 11:21:58,559 - INFO - 1 change detected
2026-06-23 11:21:58,965 - INFO - 1 change detected
2026-06-23 11:21:59,373 - INFO - 1 change detected
2026-06-23 11:21:59,779 - INFO - 1 change detected
2026-06-23 11:22:00,186 - INFO - 1 change detected
2026-06-23 11:22:00,589 - INFO - 1 change detected
2026-06-23 11:22:00,996 - INFO - 1 change detected
2026-06-23 11:22:01,401 - INFO - 1 change detected
2026-06-23 11:22:01,807 - INFO - 1 change detected
2026-06-23 11:22:02,212 - INFO - 1 change detected
2026-06-23 11:22:02,616 - INFO - 1 change detected
2026-06-23 11:22:03,025 - INFO - 1 change detected
2026-06-23 11:22:03,433 - INFO - 1 change detected
2026-06-23 11:22:03,838 - INFO - 1 change detected
2026-06-23 11:22:04,246 - INFO - 1 change detected
2026-06-23 11:22:04,652 - INFO - 1 change detected
2026-06-23 11:22:05,056 - INFO - 1 change detected
2026-06-23 11:22:05,410 - INFO - 1 change detected
2026-06-23 11:22:05,823 - INFO - 1 change detected
2026-06-23 11:22:06,227 - INFO - 1 change detected
2026-06-23 11:22:06,633 - INFO - 1 change detected
2026-06-23 11:22:07,035 - INFO - 1 change detected
2026-06-23 11:22:07,440 - INFO - 1 change detected
2026-06-23 11:22:07,847 - INFO - 1 change detected
2026-06-23 11:22:08,204 - INFO - 1 change detected
2026-06-23 11:22:08,615 - INFO - 1 change detected
2026-06-23 11:22:09,022 - INFO - 1 change detected
2026-06-23 11:22:09,426 - INFO - 1 change detected
2026-06-23 11:22:09,831 - INFO - 1 change detected
2026-06-23 11:22:10,287 - INFO - 1 change detected
2026-06-23 11:22:10,653 - INFO - 1 change detected
2026-06-23 11:22:11,062 - INFO - 1 change detected
2026-06-23 11:22:11,575 - INFO - 1 change detected
2026-06-23 11:22:11,938 - INFO - 1 change detected
2026-06-23 11:22:12,298 - INFO - 1 change detected
2026-06-23 11:22:12,660 - INFO - 1 change detected
2026-06-23 11:22:13,021 - INFO - 1 change detected
2026-06-23 11:22:13,380 - INFO - 1 change detected
2026-06-23 11:22:13,741 - INFO - 1 change detected
2026-06-23 11:22:14,151 - INFO - 1 change detected
2026-06-23 11:22:14,560 - INFO - 1 change detected
2026-06-23 11:22:14,965 - INFO - 1 change detected
2026-06-23 11:22:15,372 - INFO - 1 change detected
2026-06-23 11:22:15,777 - INFO - 1 change detected
2026-06-23 11:22:16,181 - INFO - 1 change detected
2026-06-23 11:22:16,588 - INFO - 1 change detected
2026-06-23 11:22:16,993 - INFO - 1 change detected
2026-06-23 11:22:17,398 - INFO - 1 change detected
2026-06-23 11:22:17,804 - INFO - 1 change detected
2026-06-23 11:22:18,208 - INFO - 1 change detected
2026-06-23 11:22:18,615 - INFO - 1 change detected
2026-06-23 11:22:18,972 - INFO - 1 change detected
2026-06-23 11:22:19,380 - INFO - 1 change detected
2026-06-23 11:22:19,783 - INFO - 1 change detected
2026-06-23 11:22:20,190 - INFO - 1 change detected
2026-06-23 11:22:20,596 - INFO - 1 change detected
2026-06-23 11:22:21,014 - INFO - 1 change detected
2026-06-23 11:22:21,420 - INFO - 1 change detected
2026-06-23 11:22:21,824 - INFO - 1 change detected
2026-06-23 11:22:22,232 - INFO - 1 change detected
2026-06-23 11:22:22,642 - INFO - 1 change detected
2026-06-23 11:22:23,051 - INFO - 1 change detected
2026-06-23 11:22:23,457 - INFO - 1 change detected
2026-06-23 11:22:23,866 - INFO - 1 change detected
2026-06-23 11:22:24,275 - INFO - 1 change detected
2026-06-23 11:22:24,685 - INFO - 1 change detected
2026-06-23 11:22:25,091 - INFO - 1 change detected
2026-06-23 11:22:25,500 - INFO - 1 change detected
2026-06-23 11:22:25,911 - INFO - 1 change detected
2026-06-23 11:22:26,318 - INFO - 1 change detected
2026-06-23 11:22:26,675 - INFO - 1 change detected
2026-06-23 11:22:27,085 - INFO - 1 change detected
2026-06-23 11:22:27,438 - INFO - 1 change detected
2026-06-23 11:22:27,847 - INFO - 1 change detected
2026-06-23 11:22:28,252 - INFO - 1 change detected
2026-06-23 11:22:28,656 - INFO - 1 change detected
2026-06-23 11:22:29,062 - INFO - 1 change detected
2026-06-23 11:22:29,467 - INFO - 1 change detected
2026-06-23 11:22:29,875 - INFO - 1 change detected
2026-06-23 11:22:30,288 - INFO - 1 change detected
2026-06-23 11:22:30,647 - INFO - 1 change detected
2026-06-23 11:22:31,061 - INFO - 1 change detected
2026-06-23 11:22:31,476 - INFO - 1 change detected
2026-06-23 11:22:31,836 - INFO - 1 change detected
2026-06-23 11:22:32,249 - INFO - 1 change detected
2026-06-23 11:22:32,683 - INFO - 1 change detected
2026-06-23 11:22:33,039 - INFO - 1 change detected
2026-06-23 11:22:33,447 - INFO - 1 change detected
2026-06-23 11:22:33,854 - INFO - 1 change detected
2026-06-23 11:22:34,218 - INFO - 1 change detected
2026-06-23 11:22:34,627 - INFO - 1 change detected
2026-06-23 11:22:35,039 - INFO - 1 change detected
2026-06-23 11:22:35,400 - INFO - 1 change detected
2026-06-23 11:22:35,864 - INFO - 1 change detected
2026-06-23 11:22:36,218 - INFO - 1 change detected
2026-06-23 11:22:36,632 - INFO - 1 change detected
2026-06-23 11:22:37,042 - INFO - 1 change detected
2026-06-23 11:22:37,444 - INFO - 1 change detected
2026-06-23 11:22:37,857 - INFO - 1 change detected
2026-06-23 11:22:38,215 - INFO - 1 change detected
2026-06-23 11:22:38,629 - INFO - 1 change detected
2026-06-23 11:22:39,036 - INFO - 1 change detected
2026-06-23 11:22:39,443 - INFO - 1 change detected
2026-06-23 11:22:39,851 - INFO - 1 change detected
2026-06-23 11:22:40,258 - INFO - 1 change detected
2026-06-23 11:22:40,668 - INFO - 1 change detected
2026-06-23 11:22:41,073 - INFO - 1 change detected
2026-06-23 11:22:41,432 - INFO - 1 change detected
2026-06-23 11:22:41,846 - INFO - 1 change detected
2026-06-23 11:22:42,256 - INFO - 1 change detected
2026-06-23 11:22:42,662 - INFO - 1 change detected
2026-06-23 11:22:43,020 - INFO - 1 change detected
2026-06-23 11:22:43,429 - INFO - 1 change detected
2026-06-23 11:22:43,834 - INFO - 1 change detected
2026-06-23 11:22:44,192 - INFO - 1 change detected
2026-06-23 11:22:44,605 - INFO - 1 change detected
2026-06-23 11:22:45,012 - INFO - 1 change detected
2026-06-23 11:22:45,421 - INFO - 1 change detected
2026-06-23 11:22:45,780 - INFO - 1 change detected
2026-06-23 11:22:46,192 - INFO - 1 change detected
2026-06-23 11:22:46,597 - INFO - 1 change detected
2026-06-23 11:22:47,003 - INFO - 1 change detected
2026-06-23 11:22:47,413 - INFO - 1 change detected
2026-06-23 11:22:47,823 - INFO - 1 change detected
2026-06-23 11:22:48,184 - INFO - 1 change detected
2026-06-23 11:22:48,598 - INFO - 1 change detected
2026-06-23 11:22:49,007 - INFO - 1 change detected
2026-06-23 11:22:49,415 - INFO - 1 change detected
2026-06-23 11:22:49,826 - INFO - 1 change detected
2026-06-23 11:22:50,231 - INFO - 1 change detected
2026-06-23 11:22:50,640 - INFO - 1 change detected
2026-06-23 11:22:51,047 - INFO - 1 change detected
2026-06-23 11:22:51,458 - INFO - 1 change detected
2026-06-23 11:22:51,822 - INFO - 1 change detected
2026-06-23 11:22:52,235 - INFO - 1 change detected
2026-06-23 11:22:52,594 - INFO - 1 change detected
2026-06-23 11:22:53,005 - INFO - 1 change detected
2026-06-23 11:22:53,410 - INFO - 1 change detected
2026-06-23 11:22:53,817 - INFO - 1 change detected
2026-06-23 11:22:54,225 - INFO - 1 change detected
2026-06-23 11:22:54,585 - INFO - 1 change detected
2026-06-23 11:22:54,998 - INFO - 1 change detected
2026-06-23 11:22:55,408 - INFO - 1 change detected
2026-06-23 11:22:55,821 - INFO - 1 change detected
2026-06-23 11:22:56,231 - INFO - 1 change detected
2026-06-23 11:22:56,589 - INFO - 1 change detected
2026-06-23 11:22:57,001 - INFO - 1 change detected
2026-06-23 11:22:57,407 - INFO - 1 change detected
2026-06-23 11:22:57,863 - INFO - 1 change detected
2026-06-23 11:22:58,268 - INFO - 1 change detected
2026-06-23 11:22:58,676 - INFO - 1 change detected
2026-06-23 11:22:59,082 - INFO - 1 change detected
2026-06-23 11:22:59,487 - INFO - 1 change detected
2026-06-23 11:22:59,897 - INFO - 1 change detected
2026-06-23 11:23:00,303 - INFO - 1 change detected
2026-06-23 11:23:00,714 - INFO - 1 change detected
2026-06-23 11:23:01,123 - INFO - 1 change detected
2026-06-23 11:23:01,525 - INFO - 1 change detected
2026-06-23 11:23:01,927 - INFO - 1 change detected
2026-06-23 11:23:02,331 - INFO - 1 change detected
2026-06-23 11:23:02,737 - INFO - 1 change detected
2026-06-23 11:23:03,142 - INFO - 1 change detected
2026-06-23 11:23:03,547 - INFO - 1 change detected
2026-06-23 11:23:03,953 - INFO - 1 change detected
2026-06-23 11:23:04,363 - INFO - 1 change detected
2026-06-23 11:23:04,722 - INFO - 1 change detected
2026-06-23 11:23:05,134 - INFO - 1 change detected
2026-06-23 11:23:05,539 - INFO - 1 change detected
2026-06-23 11:23:05,951 - INFO - 1 change detected
2026-06-23 11:23:06,365 - INFO - 1 change detected
2026-06-23 11:23:06,721 - INFO - 1 change detected
2026-06-23 11:23:07,129 - INFO - 1 change detected
2026-06-23 11:23:07,587 - INFO - 1 change detected
2026-06-23 11:23:07,988 - INFO - 1 change detected
2026-06-23 11:23:08,394 - INFO - 1 change detected
2026-06-23 11:23:08,800 - INFO - 1 change detected
2026-06-23 11:23:09,205 - INFO - 1 change detected
2026-06-23 11:23:09,614 - INFO - 1 change detected
2026-06-23 11:23:10,018 - INFO - 1 change detected
2026-06-23 11:23:10,423 - INFO - 1 change detected
2026-06-23 11:23:10,827 - INFO - 1 change detected
2026-06-23 11:23:11,232 - INFO - 1 change detected
2026-06-23 11:23:11,640 - INFO - 1 change detected
2026-06-23 11:23:12,045 - INFO - 1 change detected
2026-06-23 11:23:12,451 - INFO - 1 change detected
2026-06-23 11:23:12,855 - INFO - 1 change detected
2026-06-23 11:23:13,259 - INFO - 1 change detected
2026-06-23 11:23:13,668 - INFO - 1 change detected
2026-06-23 11:23:14,072 - INFO - 1 change detected
2026-06-23 11:23:14,474 - INFO - 1 change detected
2026-06-23 11:23:14,880 - INFO - 1 change detected
2026-06-23 11:23:15,287 - INFO - 1 change detected
2026-06-23 11:23:15,692 - INFO - 1 change detected
2026-06-23 11:23:16,097 - INFO - 1 change detected
2026-06-23 11:23:16,503 - INFO - 1 change detected
2026-06-23 11:23:16,909 - INFO - 1 change detected
2026-06-23 11:23:17,317 - INFO - 1 change detected
2026-06-23 11:23:17,720 - INFO - 1 change detected
2026-06-23 11:23:18,127 - INFO - 1 change detected
2026-06-23 11:23:18,531 - INFO - 1 change detected
2026-06-23 11:23:18,939 - INFO - 1 change detected
2026-06-23 11:23:19,346 - INFO - 1 change detected
2026-06-23 11:23:19,753 - INFO - 1 change detected
2026-06-23 11:23:20,161 - INFO - 1 change detected
2026-06-23 11:23:20,572 - INFO - 1 change detected
2026-06-23 11:23:20,979 - INFO - 1 change detected
2026-06-23 11:23:21,388 - INFO - 1 change detected
2026-06-23 11:23:21,804 - INFO - 1 change detected
2026-06-23 11:23:22,210 - INFO - 1 change detected
2026-06-23 11:23:22,618 - INFO - 1 change detected
2026-06-23 11:23:23,020 - INFO - 1 change detected
2026-06-23 11:23:23,424 - INFO - 1 change detected
2026-06-23 11:23:23,827 - INFO - 1 change detected
2026-06-23 11:23:24,285 - INFO - 1 change detected
2026-06-23 11:23:24,687 - INFO - 1 change detected
2026-06-23 11:23:25,094 - INFO - 1 change detected
2026-06-23 11:23:25,501 - INFO - 1 change detected
2026-06-23 11:23:25,906 - INFO - 1 change detected
2026-06-23 11:23:26,263 - INFO - 1 change detected
2026-06-23 11:23:26,722 - INFO - 1 change detected
2026-06-23 11:23:27,089 - INFO - 1 change detected
2026-06-23 11:23:27,498 - INFO - 1 change detected
2026-06-23 11:23:27,904 - INFO - 1 change detected
2026-06-23 11:23:28,313 - INFO - 1 change detected
2026-06-23 11:23:28,719 - INFO - 1 change detected
2026-06-23 11:23:29,127 - INFO - 1 change detected
2026-06-23 11:23:29,531 - INFO - 1 change detected
2026-06-23 11:23:29,938 - INFO - 1 change detected
2026-06-23 11:23:30,345 - INFO - 1 change detected
2026-06-23 11:23:30,754 - INFO - 1 change detected
2026-06-23 11:23:31,158 - INFO - 1 change detected
2026-06-23 11:23:31,566 - INFO - 1 change detected
2026-06-23 11:23:31,972 - INFO - 1 change detected
2026-06-23 11:23:32,377 - INFO - 1 change detected
2026-06-23 11:23:32,782 - INFO - 1 change detected
2026-06-23 11:23:33,189 - INFO - 1 change detected
2026-06-23 11:23:33,596 - INFO - 1 change detected
2026-06-23 11:23:33,999 - INFO - 1 change detected
2026-06-23 11:23:34,402 - INFO - 1 change detected
2026-06-23 11:23:34,808 - INFO - 1 change detected
2026-06-23 11:23:35,214 - INFO - 1 change detected
2026-06-23 11:23:35,618 - INFO - 1 change detected
2026-06-23 11:23:36,025 - INFO - 1 change detected
2026-06-23 11:23:36,430 - INFO - 1 change detected
2026-06-23 11:23:36,837 - INFO - 1 change detected
2026-06-23 11:23:37,246 - INFO - 1 change detected
2026-06-23 11:23:37,652 - INFO - 1 change detected
2026-06-23 11:23:38,058 - INFO - 1 change detected
2026-06-23 11:23:38,464 - INFO - 1 change detected
2026-06-23 11:23:38,871 - INFO - 1 change detected
2026-06-23 11:23:39,278 - INFO - 1 change detected
2026-06-23 11:23:39,684 - INFO - 1 change detected
2026-06-23 11:23:40,088 - INFO - 1 change detected
2026-06-23 11:23:40,496 - INFO - 1 change detected
2026-06-23 11:23:40,900 - INFO - 1 change detected
2026-06-23 11:23:41,305 - INFO - 1 change detected
2026-06-23 11:23:41,708 - INFO - 1 change detected
2026-06-23 11:23:42,114 - INFO - 1 change detected
2026-06-23 11:23:42,519 - INFO - 1 change detected
2026-06-23 11:23:42,927 - INFO - 1 change detected
2026-06-23 11:23:43,332 - INFO - 1 change detected
2026-06-23 11:23:43,737 - INFO - 1 change detected
2026-06-23 11:23:44,143 - INFO - 1 change detected
2026-06-23 11:23:44,600 - INFO - 1 change detected
2026-06-23 11:23:44,966 - INFO - 1 change detected
2026-06-23 11:23:45,376 - INFO - 1 change detected
2026-06-23 11:23:45,782 - INFO - 1 change detected
2026-06-23 11:23:46,186 - INFO - 1 change detected
2026-06-23 11:23:46,590 - INFO - 1 change detected
2026-06-23 11:23:46,999 - INFO - 1 change detected
2026-06-23 11:23:47,402 - INFO - 1 change detected
2026-06-23 11:23:47,809 - INFO - 1 change detected
2026-06-23 11:23:48,215 - INFO - 1 change detected
2026-06-23 11:23:48,617 - INFO - 1 change detected
2026-06-23 11:23:49,020 - INFO - 1 change detected
2026-06-23 11:23:49,442 - INFO - 1 change detected
2026-06-23 11:23:49,809 - INFO - 1 change detected
2026-06-23 11:23:50,219 - INFO - 1 change detected
2026-06-23 11:23:50,626 - INFO - 1 change detected
2026-06-23 11:23:51,032 - INFO - 1 change detected
2026-06-23 11:23:51,436 - INFO - 1 change detected
2026-06-23 11:23:51,844 - INFO - 1 change detected
2026-06-23 11:23:52,251 - INFO - 1 change detected
2026-06-23 11:23:52,656 - INFO - 1 change detected
2026-06-23 11:23:53,062 - INFO - 1 change detected
2026-06-23 11:23:53,467 - INFO - 1 change detected
2026-06-23 11:23:53,872 - INFO - 1 change detected
2026-06-23 11:23:54,278 - INFO - 1 change detected
2026-06-23 11:23:54,686 - INFO - 1 change detected
2026-06-23 11:23:55,088 - INFO - 1 change detected
2026-06-23 11:23:55,494 - INFO - 1 change detected
2026-06-23 11:23:55,902 - INFO - 1 change detected
2026-06-23 11:23:56,306 - INFO - 1 change detected
2026-06-23 11:23:56,711 - INFO - 1 change detected
2026-06-23 11:23:57,112 - INFO - 1 change detected
2026-06-23 11:23:57,520 - INFO - 1 change detected
2026-06-23 11:23:57,925 - INFO - 1 change detected
2026-06-23 11:23:58,332 - INFO - 1 change detected
2026-06-23 11:23:58,737 - INFO - 1 change detected
2026-06-23 11:23:59,142 - INFO - 1 change detected
2026-06-23 11:23:59,549 - INFO - 1 change detected
2026-06-23 11:23:59,955 - INFO - 1 change detected
2026-06-23 11:24:00,362 - INFO - 1 change detected
2026-06-23 11:24:00,769 - INFO - 1 change detected
2026-06-23 11:24:01,172 - INFO - 1 change detected
2026-06-23 11:24:01,576 - INFO - 1 change detected
2026-06-23 11:24:01,984 - INFO - 1 change detected
2026-06-23 11:24:02,389 - INFO - 1 change detected
2026-06-23 11:24:02,800 - INFO - 1 change detected
2026-06-23 11:24:03,215 - INFO - 1 change detected
2026-06-23 11:24:03,621 - INFO - 1 change detected
2026-06-23 11:24:04,026 - INFO - 1 change detected
2026-06-23 11:24:04,429 - INFO - 1 change detected
2026-06-23 11:24:04,834 - INFO - 1 change detected
2026-06-23 11:24:05,241 - INFO - 1 change detected
2026-06-23 11:24:05,643 - INFO - 1 change detected
2026-06-23 11:24:06,046 - INFO - 1 change detected
2026-06-23 11:24:06,450 - INFO - 1 change detected
2026-06-23 11:24:06,856 - INFO - 1 change detected
2026-06-23 11:24:07,261 - INFO - 1 change detected
2026-06-23 11:24:07,667 - INFO - 1 change detected
2026-06-23 11:24:08,071 - INFO - 1 change detected
2026-06-23 11:24:08,478 - INFO - 1 change detected
2026-06-23 11:24:08,885 - INFO - 1 change detected
2026-06-23 11:24:09,292 - INFO - 1 change detected
2026-06-23 11:24:09,698 - INFO - 1 change detected
2026-06-23 11:24:10,101 - INFO - 1 change detected
2026-06-23 11:24:10,507 - INFO - 1 change detected
2026-06-23 11:24:10,964 - INFO - 1 change detected
2026-06-23 11:24:11,329 - INFO - 1 change detected
2026-06-23 11:24:11,740 - INFO - 1 change detected
2026-06-23 11:24:12,147 - INFO - 1 change detected
2026-06-23 11:24:12,550 - INFO - 1 change detected
2026-06-23 11:24:12,957 - INFO - 1 change detected
2026-06-23 11:24:13,368 - INFO - 1 change detected
2026-06-23 11:24:13,785 - INFO - 1 change detected
2026-06-23 11:24:14,193 - INFO - 1 change detected
2026-06-23 11:24:14,599 - INFO - 1 change detected
2026-06-23 11:24:15,008 - INFO - 1 change detected
2026-06-23 11:24:15,424 - INFO - 1 change detected
2026-06-23 11:24:15,790 - INFO - 1 change detected
2026-06-23 11:24:16,199 - INFO - 1 change detected
2026-06-23 11:24:16,603 - INFO - 1 change detected
2026-06-23 11:24:17,009 - INFO - 1 change detected
2026-06-23 11:24:17,427 - INFO - 1 change detected
2026-06-23 11:24:17,833 - INFO - 1 change detected
2026-06-23 11:24:18,240 - INFO - 1 change detected
2026-06-23 11:24:18,644 - INFO - 1 change detected
2026-06-23 11:24:19,052 - INFO - 1 change detected
2026-06-23 11:24:19,458 - INFO - 1 change detected
2026-06-23 11:24:19,863 - INFO - 1 change detected
2026-06-23 11:24:20,267 - INFO - 1 change detected
2026-06-23 11:24:20,671 - INFO - 1 change detected
2026-06-23 11:24:21,077 - INFO - 1 change detected
2026-06-23 11:24:21,482 - INFO - 1 change detected
2026-06-23 11:24:21,886 - INFO - 1 change detected
2026-06-23 11:24:22,251 - INFO - 1 change detected
2026-06-23 11:24:22,663 - INFO - 1 change detected
2026-06-23 11:24:23,065 - INFO - 1 change detected
2026-06-23 11:24:23,469 - INFO - 1 change detected
2026-06-23 11:24:23,873 - INFO - 1 change detected
2026-06-23 11:24:24,276 - INFO - 1 change detected
2026-06-23 11:24:24,692 - INFO - 1 change detected
2026-06-23 11:24:25,099 - INFO - 1 change detected
2026-06-23 11:24:25,509 - INFO - 1 change detected
2026-06-23 11:24:25,916 - INFO - 1 change detected
2026-06-23 11:24:26,324 - INFO - 1 change detected
2026-06-23 11:24:26,727 - INFO - 1 change detected
2026-06-23 11:24:27,135 - INFO - 1 change detected
2026-06-23 11:24:27,538 - INFO - 1 change detected
2026-06-23 11:24:27,944 - INFO - 1 change detected
2026-06-23 11:24:28,347 - INFO - 1 change detected
2026-06-23 11:24:28,752 - INFO - 1 change detected
2026-06-23 11:24:29,161 - INFO - 1 change detected
2026-06-23 11:24:29,572 - INFO - 1 change detected
2026-06-23 11:24:29,976 - INFO - 1 change detected
2026-06-23 11:24:30,383 - INFO - 1 change detected
2026-06-23 11:24:30,792 - INFO - 1 change detected
2026-06-23 11:24:31,146 - INFO - 1 change detected
2026-06-23 11:24:31,560 - INFO - 1 change detected
2026-06-23 11:24:31,968 - INFO - 1 change detected
2026-06-23 11:24:32,378 - INFO - 1 change detected
2026-06-23 11:24:32,786 - INFO - 1 change detected
2026-06-23 11:24:33,144 - INFO - 1 change detected
2026-06-23 11:24:33,550 - INFO - 1 change detected
2026-06-23 11:24:33,957 - INFO - 1 change detected
2026-06-23 11:24:34,415 - INFO - 1 change detected
2026-06-23 11:24:34,782 - INFO - 1 change detected
2026-06-23 11:24:35,192 - INFO - 1 change detected
2026-06-23 11:24:35,599 - INFO - 1 change detected
2026-06-23 11:24:36,002 - INFO - 1 change detected
2026-06-23 11:24:36,408 - INFO - 1 change detected
2026-06-23 11:24:36,818 - INFO - 1 change detected
2026-06-23 11:24:37,221 - INFO - 1 change detected
2026-06-23 11:24:37,631 - INFO - 1 change detected
2026-06-23 11:24:38,038 - INFO - 1 change detected
2026-06-23 11:24:38,447 - INFO - 1 change detected
2026-06-23 11:24:38,854 - INFO - 1 change detected
2026-06-23 11:24:39,261 - INFO - 1 change detected
2026-06-23 11:24:39,665 - INFO - 1 change detected
2026-06-23 11:24:40,070 - INFO - 1 change detected
2026-06-23 11:24:40,477 - INFO - 1 change detected
2026-06-23 11:24:40,885 - INFO - 1 change detected
2026-06-23 11:24:41,296 - INFO - 1 change detected
2026-06-23 11:24:41,704 - INFO - 1 change detected
2026-06-23 11:24:42,116 - INFO - 1 change detected
2026-06-23 11:24:42,474 - INFO - 1 change detected
2026-06-23 11:24:42,884 - INFO - 1 change detected
2026-06-23 11:24:43,294 - INFO - 1 change detected
2026-06-23 11:24:43,700 - INFO - 1 change detected
2026-06-23 11:24:44,108 - INFO - 1 change detected
2026-06-23 11:24:44,514 - INFO - 1 change detected
2026-06-23 11:24:44,923 - INFO - 1 change detected
2026-06-23 11:24:45,327 - INFO - 1 change detected
2026-06-23 11:24:45,733 - INFO - 1 change detected
2026-06-23 11:24:46,092 - INFO - 1 change detected
2026-06-23 11:24:46,506 - INFO - 1 change detected
2026-06-23 11:24:46,915 - INFO - 1 change detected
2026-06-23 11:24:47,320 - INFO - 1 change detected
2026-06-23 11:24:47,726 - INFO - 1 change detected
2026-06-23 11:24:48,132 - INFO - 1 change detected
2026-06-23 11:24:48,539 - INFO - 1 change detected
2026-06-23 11:24:48,943 - INFO - 1 change detected
2026-06-23 11:24:49,404 - INFO - 1 change detected
2026-06-23 11:24:49,760 - INFO - 1 change detected
2026-06-23 11:24:50,173 - INFO - 1 change detected
2026-06-23 11:24:50,582 - INFO - 1 change detected
2026-06-23 11:24:50,991 - INFO - 1 change detected
2026-06-23 11:24:51,395 - INFO - 1 change detected
2026-06-23 11:24:51,805 - INFO - 1 change detected
2026-06-23 11:24:52,217 - INFO - 1 change detected
2026-06-23 11:24:52,576 - INFO - 1 change detected
2026-06-23 11:24:52,990 - INFO - 1 change detected
2026-06-23 11:24:53,399 - INFO - 1 change detected
2026-06-23 11:24:53,807 - INFO - 1 change detected
2026-06-23 11:24:54,214 - INFO - 1 change detected
2026-06-23 11:24:54,573 - INFO - 1 change detected
2026-06-23 11:24:54,985 - INFO - 1 change detected
2026-06-23 11:24:55,399 - INFO - 1 change detected
2026-06-23 11:24:55,806 - INFO - 1 change detected
2026-06-23 11:24:56,167 - INFO - 1 change detected
2026-06-23 11:24:56,579 - INFO - 1 change detected
2026-06-23 11:24:56,987 - INFO - 1 change detected
2026-06-23 11:24:57,393 - INFO - 1 change detected
2026-06-23 11:24:57,798 - INFO - 1 change detected
2026-06-23 11:24:58,206 - INFO - 1 change detected
2026-06-23 11:24:58,617 - INFO - 1 change detected
2026-06-23 11:24:58,977 - INFO - 1 change detected
2026-06-23 11:24:59,391 - INFO - 1 change detected
2026-06-23 11:24:59,804 - INFO - 1 change detected
2026-06-23 11:25:00,161 - INFO - 1 change detected
2026-06-23 11:25:00,573 - INFO - 1 change detected
2026-06-23 11:25:00,981 - INFO - 1 change detected
2026-06-23 11:25:01,385 - INFO - 1 change detected
2026-06-23 11:25:01,792 - INFO - 1 change detected
2026-06-23 11:25:02,198 - INFO - 1 change detected
2026-06-23 11:25:02,603 - INFO - 1 change detected
2026-06-23 11:25:03,008 - INFO - 1 change detected
2026-06-23 11:25:03,416 - INFO - 1 change detected
2026-06-23 11:25:03,825 - INFO - 1 change detected
2026-06-23 11:25:04,231 - INFO - 1 change detected
2026-06-23 11:25:04,638 - INFO - 1 change detected
2026-06-23 11:25:05,043 - INFO - 1 change detected
2026-06-23 11:25:05,448 - INFO - 1 change detected
2026-06-23 11:25:05,855 - INFO - 1 change detected
2026-06-23 11:25:06,261 - INFO - 1 change detected
2026-06-23 11:25:06,663 - INFO - 1 change detected
2026-06-23 11:25:07,022 - INFO - 1 change detected
2026-06-23 11:25:07,436 - INFO - 1 change detected
2026-06-23 11:25:07,844 - INFO - 1 change detected
2026-06-23 11:25:08,248 - INFO - 1 change detected
2026-06-23 11:25:08,652 - INFO - 1 change detected
2026-06-23 11:25:09,057 - INFO - 1 change detected
2026-06-23 11:25:09,464 - INFO - 1 change detected
2026-06-23 11:25:09,869 - INFO - 1 change detected
2026-06-23 11:25:10,278 - INFO - 1 change detected
2026-06-23 11:25:10,683 - INFO - 1 change detected
2026-06-23 11:25:11,089 - INFO - 1 change detected
2026-06-23 11:25:11,497 - INFO - 1 change detected
2026-06-23 11:25:11,898 - INFO - 1 change detected
2026-06-23 11:25:12,303 - INFO - 1 change detected
2026-06-23 11:25:12,711 - INFO - 1 change detected
2026-06-23 11:25:13,114 - INFO - 1 change detected
2026-06-23 11:25:13,519 - INFO - 1 change detected
2026-06-23 11:25:13,923 - INFO - 1 change detected
2026-06-23 11:25:14,329 - INFO - 1 change detected
2026-06-23 11:25:14,734 - INFO - 1 change detected
2026-06-23 11:25:15,190 - INFO - 1 change detected
2026-06-23 11:25:15,593 - INFO - 1 change detected
2026-06-23 11:25:15,998 - INFO - 1 change detected
2026-06-23 11:25:16,403 - INFO - 1 change detected
2026-06-23 11:25:16,810 - INFO - 1 change detected
2026-06-23 11:25:17,214 - INFO - 1 change detected
2026-06-23 11:25:17,581 - INFO - 1 change detected
2026-06-23 11:25:17,989 - INFO - 1 change detected
2026-06-23 11:25:18,396 - INFO - 1 change detected
2026-06-23 11:25:18,802 - INFO - 1 change detected
2026-06-23 11:25:19,208 - INFO - 1 change detected
2026-06-23 11:25:19,614 - INFO - 1 change detected
2026-06-23 11:25:20,020 - INFO - 1 change detected
2026-06-23 11:25:20,426 - INFO - 1 change detected
2026-06-23 11:25:20,832 - INFO - 1 change detected
2026-06-23 11:25:21,236 - INFO - 1 change detected
2026-06-23 11:25:21,646 - INFO - 1 change detected
2026-06-23 11:25:22,052 - INFO - 1 change detected
2026-06-23 11:25:22,456 - INFO - 1 change detected
2026-06-23 11:25:22,862 - INFO - 1 change detected
2026-06-23 11:25:23,266 - INFO - 1 change detected
2026-06-23 11:25:23,671 - INFO - 1 change detected
2026-06-23 11:25:24,079 - INFO - 1 change detected
2026-06-23 11:25:24,483 - INFO - 1 change detected
2026-06-23 11:25:24,888 - INFO - 1 change detected
2026-06-23 11:25:25,291 - INFO - 1 change detected
2026-06-23 11:25:25,699 - INFO - 1 change detected
2026-06-23 11:25:26,109 - INFO - 1 change detected
2026-06-23 11:25:26,512 - INFO - 1 change detected
2026-06-23 11:25:26,920 - INFO - 1 change detected
2026-06-23 11:25:27,323 - INFO - 1 change detected
2026-06-23 11:25:27,725 - INFO - 1 change detected
2026-06-23 11:25:28,132 - INFO - 1 change detected
2026-06-23 11:25:28,540 - INFO - 1 change detected
2026-06-23 11:25:28,992 - INFO - 1 change detected
2026-06-23 11:25:29,345 - INFO - 1 change detected
2026-06-23 11:25:29,753 - INFO - 1 change detected
2026-06-23 11:25:30,160 - INFO - 1 change detected
2026-06-23 11:25:30,565 - INFO - 1 change detected
2026-06-23 11:25:30,968 - INFO - 1 change detected
2026-06-23 11:25:31,378 - INFO - 1 change detected
2026-06-23 11:25:31,787 - INFO - 1 change detected
2026-06-23 11:25:32,191 - INFO - 1 change detected
2026-06-23 11:25:32,600 - INFO - 1 change detected
2026-06-23 11:25:33,006 - INFO - 1 change detected
2026-06-23 11:25:33,423 - INFO - 1 change detected
2026-06-23 11:25:33,827 - INFO - 1 change detected
2026-06-23 11:25:34,234 - INFO - 1 change detected
2026-06-23 11:25:34,640 - INFO - 1 change detected
2026-06-23 11:25:35,047 - INFO - 1 change detected
2026-06-23 11:25:35,450 - INFO - 1 change detected
2026-06-23 11:25:35,856 - INFO - 1 change detected
2026-06-23 11:25:36,261 - INFO - 1 change detected
2026-06-23 11:25:36,668 - INFO - 1 change detected
2026-06-23 11:25:37,074 - INFO - 1 change detected
2026-06-23 11:25:37,478 - INFO - 1 change detected
2026-06-23 11:25:37,884 - INFO - 1 change detected
2026-06-23 11:25:38,289 - INFO - 1 change detected
2026-06-23 11:25:38,695 - INFO - 1 change detected
2026-06-23 11:25:39,099 - INFO - 1 change detected
2026-06-23 11:25:39,707 - INFO - 1 change detected
2026-06-23 11:25:40,115 - INFO - 1 change detected
2026-06-23 11:25:40,524 - INFO - 1 change detected
2026-06-23 11:25:40,880 - INFO - 1 change detected
2026-06-23 11:25:41,240 - INFO - 1 change detected
2026-06-23 11:25:41,598 - INFO - 1 change detected
2026-06-23 11:25:41,952 - INFO - 1 change detected
2026-06-23 11:25:42,313 - INFO - 1 change detected
2026-06-23 11:25:42,671 - INFO - 1 change detected
2026-06-23 11:25:43,078 - INFO - 1 change detected
2026-06-23 11:25:43,488 - INFO - 1 change detected
2026-06-23 11:25:43,891 - INFO - 1 change detected
2026-06-23 11:25:44,250 - INFO - 1 change detected
2026-06-23 11:25:44,659 - INFO - 1 change detected
2026-06-23 11:25:45,067 - INFO - 1 change detected
2026-06-23 11:25:45,473 - INFO - 1 change detected
2026-06-23 11:25:45,879 - INFO - 1 change detected
2026-06-23 11:25:46,433 - INFO - 1 change detected
2026-06-23 11:25:46,795 - INFO - 1 change detected
2026-06-23 11:25:47,201 - INFO - 1 change detected
2026-06-23 11:25:47,659 - INFO - 1 change detected
2026-06-23 11:25:48,066 - INFO - 1 change detected
2026-06-23 11:25:48,475 - INFO - 1 change detected
2026-06-23 11:25:48,880 - INFO - 1 change detected
2026-06-23 11:25:49,284 - INFO - 1 change detected
2026-06-23 11:25:49,689 - INFO - 1 change detected
2026-06-23 11:25:50,095 - INFO - 1 change detected
2026-06-23 11:25:50,904 - INFO - 1 change detected
2026-06-23 11:25:51,615 - INFO - 1 change detected
2026-06-23 11:25:51,966 - INFO - 1 change detected
2026-06-23 11:25:52,374 - INFO - 1 change detected
2026-06-23 11:25:52,780 - INFO - 1 change detected
2026-06-23 11:25:53,188 - INFO - 1 change detected
2026-06-23 11:25:53,593 - INFO - 1 change detected
2026-06-23 11:25:54,003 - INFO - 1 change detected
2026-06-23 11:25:54,410 - INFO - 1 change detected
2026-06-23 11:25:54,814 - INFO - 1 change detected
2026-06-23 11:25:55,225 - INFO - 1 change detected
2026-06-23 11:25:55,583 - INFO - 1 change detected
2026-06-23 11:25:55,993 - INFO - 1 change detected
2026-06-23 11:25:56,397 - INFO - 1 change detected
2026-06-23 11:25:56,805 - INFO - 1 change detected
2026-06-23 11:25:57,257 - INFO - 1 change detected
2026-06-23 11:25:57,661 - INFO - 1 change detected
2026-06-23 11:25:58,072 - INFO - 1 change detected
2026-06-23 11:25:58,481 - INFO - 1 change detected
2026-06-23 11:25:58,889 - INFO - 1 change detected
2026-06-23 11:25:59,298 - INFO - 1 change detected
2026-06-23 11:25:59,705 - INFO - 1 change detected
2026-06-23 11:26:00,115 - INFO - 1 change detected
2026-06-23 11:26:00,522 - INFO - 1 change detected
2026-06-23 11:26:00,976 - INFO - 1 change detected
2026-06-23 11:26:01,389 - INFO - 1 change detected
2026-06-23 11:26:01,793 - INFO - 1 change detected
2026-06-23 11:26:02,157 - INFO - 1 change detected
2026-06-23 11:26:02,567 - INFO - 1 change detected
2026-06-23 11:26:02,972 - INFO - 1 change detected
2026-06-23 11:26:03,379 - INFO - 1 change detected
2026-06-23 11:26:03,782 - INFO - 1 change detected
2026-06-23 11:26:04,189 - INFO - 1 change detected
2026-06-23 11:26:04,595 - INFO - 1 change detected
2026-06-23 11:26:05,003 - INFO - 1 change detected
2026-06-23 11:26:05,460 - INFO - 1 change detected
2026-06-23 11:26:05,876 - INFO - 1 change detected
2026-06-23 11:26:06,281 - INFO - 1 change detected
2026-06-23 11:26:06,688 - INFO - 1 change detected
2026-06-23 11:26:07,094 - INFO - 1 change detected
2026-06-23 11:26:07,499 - INFO - 1 change detected
2026-06-23 11:26:07,904 - INFO - 1 change detected
2026-06-23 11:26:08,311 - INFO - 1 change detected
2026-06-23 11:26:08,715 - INFO - 1 change detected
2026-06-23 11:26:09,119 - INFO - 1 change detected
2026-06-23 11:26:09,527 - INFO - 1 change detected
2026-06-23 11:26:09,931 - INFO - 1 change detected
2026-06-23 11:26:10,339 - INFO - 1 change detected
2026-06-23 11:26:10,746 - INFO - 1 change detected
2026-06-23 11:26:11,152 - INFO - 1 change detected
2026-06-23 11:26:11,558 - INFO - 1 change detected
2026-06-23 11:26:11,964 - INFO - 1 change detected
2026-06-23 11:26:12,368 - INFO - 1 change detected
2026-06-23 11:26:12,973 - INFO - 1 change detected
2026-06-23 11:26:13,432 - INFO - 1 change detected
2026-06-23 11:26:13,849 - INFO - 1 change detected
2026-06-23 11:26:14,256 - INFO - 1 change detected
2026-06-23 11:26:14,661 - INFO - 1 change detected
2026-06-23 11:26:15,065 - INFO - 1 change detected
2026-06-23 11:26:15,472 - INFO - 1 change detected
2026-06-23 11:26:15,879 - INFO - 1 change detected
2026-06-23 11:26:16,282 - INFO - 1 change detected
2026-06-23 11:26:16,686 - INFO - 1 change detected
2026-06-23 11:26:17,093 - INFO - 1 change detected
2026-06-23 11:26:17,496 - INFO - 1 change detected
2026-06-23 11:26:17,901 - INFO - 1 change detected
2026-06-23 11:26:18,308 - INFO - 1 change detected
2026-06-23 11:26:18,715 - INFO - 1 change detected
2026-06-23 11:26:19,123 - INFO - 1 change detected
2026-06-23 11:26:19,531 - INFO - 1 change detected
2026-06-23 11:26:19,934 - INFO - 1 change detected
2026-06-23 11:26:20,340 - INFO - 1 change detected
2026-06-23 11:26:20,746 - INFO - 1 change detected
2026-06-23 11:26:21,151 - INFO - 1 change detected
2026-06-23 11:26:21,555 - INFO - 1 change detected
2026-06-23 11:26:21,963 - INFO - 1 change detected
2026-06-23 11:26:22,368 - INFO - 1 change detected
2026-06-23 11:26:22,773 - INFO - 1 change detected
2026-06-23 11:26:23,180 - INFO - 1 change detected
2026-06-23 11:26:23,586 - INFO - 1 change detected
2026-06-23 11:26:23,994 - INFO - 1 change detected
2026-06-23 11:26:24,397 - INFO - 1 change detected
2026-06-23 11:26:24,805 - INFO - 1 change detected
2026-06-23 11:26:25,216 - INFO - 1 change detected
2026-06-23 11:26:25,622 - INFO - 1 change detected
2026-06-23 11:26:26,027 - INFO - 1 change detected
2026-06-23 11:26:26,435 - INFO - 1 change detected
2026-06-23 11:26:26,841 - INFO - 1 change detected
2026-06-23 11:26:27,195 - INFO - 1 change detected
2026-06-23 11:26:27,605 - INFO - 1 change detected
2026-06-23 11:26:28,011 - INFO - 1 change detected
2026-06-23 11:26:28,415 - INFO - 1 change detected
2026-06-23 11:26:28,822 - INFO - 1 change detected
2026-06-23 11:26:29,229 - INFO - 1 change detected
2026-06-23 11:26:29,634 - INFO - 1 change detected
2026-06-23 11:26:30,041 - INFO - 1 change detected
2026-06-23 11:26:30,447 - INFO - 1 change detected
2026-06-23 11:26:30,855 - INFO - 1 change detected
2026-06-23 11:26:31,260 - INFO - 1 change detected
2026-06-23 11:26:31,667 - INFO - 1 change detected
2026-06-23 11:26:32,073 - INFO - 1 change detected
2026-06-23 11:26:32,479 - INFO - 1 change detected
2026-06-23 11:26:32,884 - INFO - 1 change detected
2026-06-23 11:26:33,291 - INFO - 1 change detected
2026-06-23 11:26:33,697 - INFO - 1 change detected
2026-06-23 11:26:34,152 - INFO - 1 change detected
2026-06-23 11:26:34,504 - INFO - 1 change detected
2026-06-23 11:26:34,915 - INFO - 1 change detected
2026-06-23 11:26:35,321 - INFO - 1 change detected
2026-06-23 11:26:35,725 - INFO - 1 change detected
2026-06-23 11:26:36,142 - INFO - 1 change detected
2026-06-23 11:26:36,548 - INFO - 1 change detected
2026-06-23 11:26:36,952 - INFO - 1 change detected
2026-06-23 11:26:37,359 - INFO - 1 change detected
2026-06-23 11:26:37,765 - INFO - 1 change detected
2026-06-23 11:26:38,170 - INFO - 1 change detected
2026-06-23 11:26:38,577 - INFO - 1 change detected
2026-06-23 11:26:39,082 - INFO - 1 change detected
2026-06-23 11:26:39,498 - INFO - 1 change detected
2026-06-23 11:26:39,909 - INFO - 1 change detected
2026-06-23 11:26:40,314 - INFO - 1 change detected
2026-06-23 11:26:40,721 - INFO - 1 change detected
2026-06-23 11:26:41,129 - INFO - 1 change detected
2026-06-23 11:26:41,535 - INFO - 1 change detected
2026-06-23 11:26:41,939 - INFO - 1 change detected
2026-06-23 11:26:42,346 - INFO - 1 change detected
2026-06-23 11:26:42,753 - INFO - 1 change detected
2026-06-23 11:26:43,157 - INFO - 1 change detected
2026-06-23 11:26:43,563 - INFO - 1 change detected
2026-06-23 11:26:43,968 - INFO - 1 change detected
2026-06-23 11:26:44,374 - INFO - 1 change detected
2026-06-23 11:26:44,782 - INFO - 1 change detected
2026-06-23 11:26:45,187 - INFO - 1 change detected
2026-06-23 11:26:45,591 - INFO - 1 change detected
2026-06-23 11:26:45,998 - INFO - 1 change detected
2026-06-23 11:26:46,403 - INFO - 1 change detected
2026-06-23 11:26:46,809 - INFO - 1 change detected
2026-06-23 11:26:47,214 - INFO - 1 change detected
2026-06-23 11:26:47,621 - INFO - 1 change detected
2026-06-23 11:26:48,027 - INFO - 1 change detected
2026-06-23 11:26:48,389 - INFO - 1 change detected
2026-06-23 11:26:48,800 - INFO - 1 change detected
2026-06-23 11:26:49,207 - INFO - 1 change detected
2026-06-23 11:26:49,612 - INFO - 1 change detected
2026-06-23 11:26:50,018 - INFO - 1 change detected
2026-06-23 11:26:50,421 - INFO - 1 change detected
2026-06-23 11:26:50,826 - INFO - 1 change detected
2026-06-23 11:26:51,231 - INFO - 1 change detected
2026-06-23 11:26:51,636 - INFO - 1 change detected
2026-06-23 11:26:52,043 - INFO - 1 change detected
2026-06-23 11:26:52,451 - INFO - 1 change detected
2026-06-23 11:26:52,859 - INFO - 1 change detected
2026-06-23 11:26:53,468 - INFO - 1 change detected
2026-06-23 11:26:53,876 - INFO - 1 change detected
2026-06-23 11:26:54,284 - INFO - 1 change detected
2026-06-23 11:26:54,688 - INFO - 1 change detected
2026-06-23 11:26:55,096 - INFO - 1 change detected
2026-06-23 11:26:55,502 - INFO - 1 change detected
2026-06-23 11:26:55,911 - INFO - 1 change detected
2026-06-23 11:26:56,317 - INFO - 1 change detected
2026-06-23 11:26:56,723 - INFO - 1 change detected
2026-06-23 11:26:57,126 - INFO - 1 change detected
2026-06-23 11:26:57,532 - INFO - 1 change detected
2026-06-23 11:26:57,941 - INFO - 1 change detected
2026-06-23 11:26:58,347 - INFO - 1 change detected
2026-06-23 11:26:58,750 - INFO - 1 change detected
2026-06-23 11:26:59,206 - INFO - 1 change detected
2026-06-23 11:26:59,623 - INFO - 1 change detected
2026-06-23 11:27:00,029 - INFO - 1 change detected
2026-06-23 11:27:00,433 - INFO - 1 change detected
2026-06-23 11:27:00,840 - INFO - 1 change detected
2026-06-23 11:27:01,248 - INFO - 1 change detected
2026-06-23 11:27:01,656 - INFO - 1 change detected
2026-06-23 11:27:02,063 - INFO - 1 change detected
2026-06-23 11:27:02,469 - INFO - 1 change detected
2026-06-23 11:27:02,877 - INFO - 1 change detected
2026-06-23 11:27:03,281 - INFO - 1 change detected
2026-06-23 11:27:03,689 - INFO - 1 change detected
2026-06-23 11:27:04,092 - INFO - 1 change detected
2026-06-23 11:27:04,496 - INFO - 1 change detected
2026-06-23 11:27:04,901 - INFO - 1 change detected
2026-06-23 11:27:05,308 - INFO - 1 change detected
2026-06-23 11:27:05,713 - INFO - 1 change detected
2026-06-23 11:27:06,174 - INFO - 1 change detected
2026-06-23 11:27:06,527 - INFO - 1 change detected
2026-06-23 11:27:06,987 - INFO - 1 change detected
2026-06-23 11:27:07,403 - INFO - 1 change detected
2026-06-23 11:27:07,861 - INFO - 1 change detected
2026-06-23 11:27:08,277 - INFO - 1 change detected
2026-06-23 11:27:08,685 - INFO - 1 change detected
2026-06-23 11:27:09,094 - INFO - 1 change detected
2026-06-23 11:27:09,496 - INFO - 1 change detected
2026-06-23 11:27:09,902 - INFO - 1 change detected
2026-06-23 11:27:10,307 - INFO - 1 change detected
2026-06-23 11:27:10,710 - INFO - 1 change detected
2026-06-23 11:27:11,117 - INFO - 1 change detected
2026-06-23 11:27:11,525 - INFO - 1 change detected
2026-06-23 11:27:11,880 - INFO - 1 change detected
2026-06-23 11:27:12,291 - INFO - 1 change detected
2026-06-23 11:27:12,745 - INFO - 1 change detected
2026-06-23 11:27:13,150 - INFO - 1 change detected
2026-06-23 11:27:13,557 - INFO - 1 change detected
2026-06-23 11:27:13,965 - INFO - 1 change detected
2026-06-23 11:27:14,323 - INFO - 1 change detected
2026-06-23 11:27:14,729 - INFO - 1 change detected
2026-06-23 11:27:15,134 - INFO - 1 change detected
2026-06-23 11:27:15,587 - INFO - 1 change detected
2026-06-23 11:27:16,006 - INFO - 1 change detected
2026-06-23 11:27:16,413 - INFO - 1 change detected
2026-06-23 11:27:16,819 - INFO - 1 change detected
2026-06-23 11:27:17,228 - INFO - 1 change detected
2026-06-23 11:27:17,633 - INFO - 1 change detected
2026-06-23 11:27:18,040 - INFO - 1 change detected
2026-06-23 11:27:18,444 - INFO - 1 change detected
2026-06-23 11:27:18,851 - INFO - 1 change detected
2026-06-23 11:27:19,254 - INFO - 1 change detected
2026-06-23 11:27:19,608 - INFO - 1 change detected
2026-06-23 11:27:20,272 - INFO - 1 change detected
2026-06-23 11:27:20,677 - INFO - 1 change detected
2026-06-23 11:27:21,089 - INFO - 1 change detected
2026-06-23 11:27:21,496 - INFO - 1 change detected
2026-06-23 11:27:21,906 - INFO - 1 change detected
2026-06-23 11:27:22,309 - INFO - 1 change detected
2026-06-23 11:27:22,716 - INFO - 1 change detected
2026-06-23 11:27:23,121 - INFO - 1 change detected
2026-06-23 11:27:23,524 - INFO - 1 change detected
2026-06-23 11:27:23,929 - INFO - 1 change detected
2026-06-23 11:27:24,335 - INFO - 1 change detected
2026-06-23 11:27:24,741 - INFO - 1 change detected
2026-06-23 11:27:25,149 - INFO - 1 change detected
2026-06-23 11:27:25,555 - INFO - 1 change detected
2026-06-23 11:27:25,960 - INFO - 1 change detected
2026-06-23 11:27:26,364 - INFO - 1 change detected
2026-06-23 11:27:26,720 - INFO - 1 change detected
2026-06-23 11:27:27,134 - INFO - 1 change detected
2026-06-23 11:27:27,541 - INFO - 1 change detected
2026-06-23 11:27:27,948 - INFO - 1 change detected
2026-06-23 11:27:28,352 - INFO - 1 change detected
2026-06-23 11:27:28,758 - INFO - 1 change detected
2026-06-23 11:27:29,163 - INFO - 1 change detected
2026-06-23 11:27:29,566 - INFO - 1 change detected
2026-06-23 11:27:29,973 - INFO - 1 change detected
2026-06-23 11:27:30,430 - INFO - 1 change detected
2026-06-23 11:27:30,834 - INFO - 1 change detected
2026-06-23 11:27:31,242 - INFO - 1 change detected
2026-06-23 11:27:31,646 - INFO - 1 change detected
2026-06-23 11:27:32,052 - INFO - 1 change detected
2026-06-23 11:27:32,457 - INFO - 1 change detected
2026-06-23 11:27:32,864 - INFO - 1 change detected
2026-06-23 11:27:33,269 - INFO - 1 change detected
2026-06-23 11:27:33,674 - INFO - 1 change detected
2026-06-23 11:27:34,181 - INFO - 1 change detected
2026-06-23 11:27:34,543 - INFO - 1 change detected
2026-06-23 11:27:35,003 - INFO - 1 change detected
2026-06-23 11:27:35,355 - INFO - 1 change detected
2026-06-23 11:27:35,763 - INFO - 1 change detected
2026-06-23 11:27:36,171 - INFO - 1 change detected
2026-06-23 11:27:36,580 - INFO - 1 change detected
2026-06-23 11:27:36,986 - INFO - 1 change detected
2026-06-23 11:27:37,391 - INFO - 1 change detected
2026-06-23 11:27:37,794 - INFO - 1 change detected
2026-06-23 11:27:38,201 - INFO - 1 change detected
2026-06-23 11:27:38,605 - INFO - 1 change detected
2026-06-23 11:27:39,008 - INFO - 1 change detected
2026-06-23 11:27:39,415 - INFO - 1 change detected
2026-06-23 11:27:39,819 - INFO - 1 change detected
2026-06-23 11:27:40,225 - INFO - 1 change detected
2026-06-23 11:27:40,631 - INFO - 1 change detected
2026-06-23 11:27:41,036 - INFO - 1 change detected
2026-06-23 11:27:41,441 - INFO - 1 change detected
2026-06-23 11:27:41,849 - INFO - 1 change detected
2026-06-23 11:27:42,304 - INFO - 1 change detected
2026-06-23 11:27:42,707 - INFO - 1 change detected
2026-06-23 11:27:43,063 - INFO - 1 change detected
2026-06-23 11:27:43,472 - INFO - 1 change detected
2026-06-23 11:27:43,880 - INFO - 1 change detected
2026-06-23 11:27:44,283 - INFO - 1 change detected
2026-06-23 11:27:44,689 - INFO - 1 change detected
2026-06-23 11:27:45,097 - INFO - 1 change detected
2026-06-23 11:27:45,504 - INFO - 1 change detected
2026-06-23 11:27:45,907 - INFO - 1 change detected
2026-06-23 11:27:46,317 - INFO - 1 change detected
2026-06-23 11:27:46,723 - INFO - 1 change detected
2026-06-23 11:27:47,128 - INFO - 1 change detected
2026-06-23 11:27:47,531 - INFO - 1 change detected
2026-06-23 11:27:47,938 - INFO - 1 change detected
2026-06-23 11:27:48,343 - INFO - 1 change detected
2026-06-23 11:27:48,750 - INFO - 1 change detected
2026-06-23 11:27:49,154 - INFO - 1 change detected
2026-06-23 11:27:49,558 - INFO - 1 change detected
2026-06-23 11:27:49,964 - INFO - 1 change detected
2026-06-23 11:27:50,372 - INFO - 1 change detected
2026-06-23 11:27:50,777 - INFO - 1 change detected
2026-06-23 11:27:51,182 - INFO - 1 change detected
2026-06-23 11:27:51,540 - INFO - 1 change detected
2026-06-23 11:27:51,954 - INFO - 1 change detected
2026-06-23 11:27:52,356 - INFO - 1 change detected
2026-06-23 11:27:52,761 - INFO - 1 change detected
2026-06-23 11:27:53,170 - INFO - 1 change detected
2026-06-23 11:27:53,577 - INFO - 1 change detected
2026-06-23 11:27:53,983 - INFO - 1 change detected
2026-06-23 11:27:54,390 - INFO - 1 change detected
2026-06-23 11:27:54,796 - INFO - 1 change detected
2026-06-23 11:27:55,202 - INFO - 1 change detected
2026-06-23 11:27:55,607 - INFO - 1 change detected
2026-06-23 11:27:56,013 - INFO - 1 change detected
2026-06-23 11:27:56,423 - INFO - 1 change detected
2026-06-23 11:27:56,829 - INFO - 1 change detected
2026-06-23 11:27:57,239 - INFO - 1 change detected
2026-06-23 11:27:57,641 - INFO - 1 change detected
2026-06-23 11:27:58,049 - INFO - 1 change detected
2026-06-23 11:27:58,456 - INFO - 1 change detected
2026-06-23 11:27:58,863 - INFO - 1 change detected
2026-06-23 11:27:59,273 - INFO - 1 change detected
2026-06-23 11:27:59,680 - INFO - 1 change detected
2026-06-23 11:28:00,040 - INFO - 1 change detected
2026-06-23 11:28:00,452 - INFO - 1 change detected
2026-06-23 11:28:00,856 - INFO - 1 change detected
2026-06-23 11:28:01,263 - INFO - 1 change detected
2026-06-23 11:28:01,669 - INFO - 1 change detected
2026-06-23 11:28:02,075 - INFO - 1 change detected
2026-06-23 11:28:02,484 - INFO - 1 change detected
2026-06-23 11:28:02,893 - INFO - 1 change detected
2026-06-23 11:28:03,300 - INFO - 1 change detected
2026-06-23 11:28:03,704 - INFO - 1 change detected
2026-06-23 11:28:04,111 - INFO - 1 change detected
2026-06-23 11:28:04,517 - INFO - 1 change detected
2026-06-23 11:28:04,973 - INFO - 1 change detected
2026-06-23 11:28:05,376 - INFO - 1 change detected
2026-06-23 11:28:05,780 - INFO - 1 change detected
2026-06-23 11:28:06,187 - INFO - 1 change detected
2026-06-23 11:28:06,592 - INFO - 1 change detected
2026-06-23 11:28:06,965 - INFO - 1 change detected
2026-06-23 11:28:07,373 - INFO - 1 change detected
2026-06-23 11:28:07,778 - INFO - 1 change detected
2026-06-23 11:28:08,185 - INFO - 1 change detected
2026-06-23 11:28:08,604 - INFO - 1 change detected
2026-06-23 11:28:09,012 - INFO - 1 change detected
2026-06-23 11:28:09,429 - INFO - 1 change detected
2026-06-23 11:28:09,832 - INFO - 1 change detected
2026-06-23 11:28:10,236 - INFO - 1 change detected
2026-06-23 11:28:10,645 - INFO - 1 change detected
2026-06-23 11:28:11,050 - INFO - 1 change detected
2026-06-23 11:28:11,455 - INFO - 1 change detected
2026-06-23 11:28:11,860 - INFO - 1 change detected
2026-06-23 11:28:12,265 - INFO - 1 change detected
2026-06-23 11:28:12,671 - INFO - 1 change detected
2026-06-23 11:28:13,077 - INFO - 1 change detected
2026-06-23 11:28:13,483 - INFO - 1 change detected
2026-06-23 11:28:13,887 - INFO - 1 change detected
2026-06-23 11:28:14,292 - INFO - 1 change detected
2026-06-23 11:28:14,699 - INFO - 1 change detected
2026-06-23 11:28:15,103 - INFO - 1 change detected
2026-06-23 11:28:15,508 - INFO - 1 change detected
2026-06-23 11:28:15,912 - INFO - 1 change detected
2026-06-23 11:28:16,314 - INFO - 1 change detected
2026-06-23 11:28:16,721 - INFO - 1 change detected
2026-06-23 11:28:17,126 - INFO - 1 change detected
2026-06-23 11:28:17,530 - INFO - 1 change detected
2026-06-23 11:28:17,887 - INFO - 1 change detected
2026-06-23 11:28:18,297 - INFO - 1 change detected
2026-06-23 11:28:18,757 - INFO - 1 change detected
2026-06-23 11:28:19,124 - INFO - 1 change detected
2026-06-23 11:28:19,535 - INFO - 1 change detected
2026-06-23 11:28:19,991 - INFO - 1 change detected
2026-06-23 11:28:20,445 - INFO - 1 change detected
2026-06-23 11:28:20,849 - INFO - 1 change detected
2026-06-23 11:28:21,254 - INFO - 1 change detected
2026-06-23 11:28:21,659 - INFO - 1 change detected
2026-06-23 11:28:22,066 - INFO - 1 change detected
2026-06-23 11:28:22,470 - INFO - 1 change detected
2026-06-23 11:28:22,888 - INFO - 1 change detected
2026-06-23 11:28:23,291 - INFO - 1 change detected
2026-06-23 11:28:23,697 - INFO - 1 change detected
2026-06-23 11:28:24,104 - INFO - 1 change detected
2026-06-23 11:28:24,508 - INFO - 1 change detected
2026-06-23 11:28:24,915 - INFO - 1 change detected
2026-06-23 11:28:25,321 - INFO - 1 change detected
2026-06-23 11:28:25,725 - INFO - 1 change detected
2026-06-23 11:28:26,130 - INFO - 1 change detected
2026-06-23 11:28:26,536 - INFO - 1 change detected
2026-06-23 11:28:26,946 - INFO - 1 change detected
2026-06-23 11:28:27,353 - INFO - 1 change detected
2026-06-23 11:28:27,760 - INFO - 1 change detected
2026-06-23 11:28:28,168 - INFO - 1 change detected
2026-06-23 11:28:28,579 - INFO - 1 change detected
2026-06-23 11:28:28,944 - INFO - 1 change detected
2026-06-23 11:28:29,356 - INFO - 1 change detected
2026-06-23 11:28:29,764 - INFO - 1 change detected
2026-06-23 11:28:30,173 - INFO - 1 change detected
2026-06-23 11:28:30,576 - INFO - 1 change detected
2026-06-23 11:28:30,979 - INFO - 1 change detected
2026-06-23 11:28:31,386 - INFO - 1 change detected
2026-06-23 11:28:31,789 - INFO - 1 change detected
2026-06-23 11:28:32,193 - INFO - 1 change detected
2026-06-23 11:28:32,601 - INFO - 1 change detected
2026-06-23 11:28:33,004 - INFO - 1 change detected
2026-06-23 11:28:33,408 - INFO - 1 change detected
2026-06-23 11:28:33,814 - INFO - 1 change detected
2026-06-23 11:28:34,219 - INFO - 1 change detected
2026-06-23 11:28:34,578 - INFO - 1 change detected
2026-06-23 11:28:34,990 - INFO - 1 change detected
2026-06-23 11:28:35,393 - INFO - 1 change detected
2026-06-23 11:28:35,799 - INFO - 1 change detected
2026-06-23 11:28:36,206 - INFO - 1 change detected
2026-06-23 11:28:36,616 - INFO - 1 change detected
2026-06-23 11:28:37,019 - INFO - 1 change detected
2026-06-23 11:28:37,473 - INFO - 1 change detected
2026-06-23 11:28:37,839 - INFO - 1 change detected
2026-06-23 11:28:38,249 - INFO - 1 change detected
2026-06-23 11:28:38,655 - INFO - 1 change detected
2026-06-23 11:28:39,062 - INFO - 1 change detected
2026-06-23 11:28:39,469 - INFO - 1 change detected
2026-06-23 11:28:39,871 - INFO - 1 change detected
2026-06-23 11:28:40,276 - INFO - 1 change detected
2026-06-23 11:28:40,684 - INFO - 1 change detected
2026-06-23 11:28:41,091 - INFO - 1 change detected
2026-06-23 11:28:41,499 - INFO - 1 change detected
2026-06-23 11:28:41,903 - INFO - 1 change detected
2026-06-23 11:28:42,309 - INFO - 1 change detected
2026-06-23 11:28:42,713 - INFO - 1 change detected
2026-06-23 11:28:43,119 - INFO - 1 change detected
2026-06-23 11:28:43,524 - INFO - 1 change detected
2026-06-23 11:28:43,933 - INFO - 1 change detected
2026-06-23 11:28:44,342 - INFO - 1 change detected
2026-06-23 11:28:44,748 - INFO - 1 change detected
2026-06-23 11:28:45,153 - INFO - 1 change detected
2026-06-23 11:28:45,562 - INFO - 1 change detected
2026-06-23 11:28:45,964 - INFO - 1 change detected
2026-06-23 11:28:46,331 - INFO - 1 change detected
2026-06-23 11:28:46,742 - INFO - 1 change detected
2026-06-23 11:28:47,146 - INFO - 1 change detected
2026-06-23 11:28:47,548 - INFO - 1 change detected
2026-06-23 11:28:47,958 - INFO - 1 change detected
2026-06-23 11:28:48,362 - INFO - 1 change detected
2026-06-23 11:28:48,772 - INFO - 1 change detected
2026-06-23 11:28:49,175 - INFO - 1 change detected
2026-06-23 11:28:49,581 - INFO - 1 change detected
2026-06-23 11:28:49,987 - INFO - 1 change detected
2026-06-23 11:28:50,395 - INFO - 1 change detected
2026-06-23 11:28:50,797 - INFO - 1 change detected
2026-06-23 11:28:51,203 - INFO - 1 change detected
2026-06-23 11:28:51,609 - INFO - 1 change detected
2026-06-23 11:28:52,019 - INFO - 1 change detected
2026-06-23 11:28:52,425 - INFO - 1 change detected
2026-06-23 11:28:52,829 - INFO - 1 change detected
2026-06-23 11:28:53,236 - INFO - 1 change detected
2026-06-23 11:28:53,643 - INFO - 1 change detected
2026-06-23 11:28:54,047 - INFO - 1 change detected
2026-06-23 11:28:54,453 - INFO - 1 change detected
2026-06-23 11:28:54,858 - INFO - 1 change detected
2026-06-23 11:28:55,266 - INFO - 1 change detected
2026-06-23 11:28:55,669 - INFO - 1 change detected
2026-06-23 11:28:56,076 - INFO - 1 change detected
2026-06-23 11:28:56,482 - INFO - 1 change detected
2026-06-23 11:28:56,887 - INFO - 1 change detected
2026-06-23 11:28:57,293 - INFO - 1 change detected
2026-06-23 11:28:57,695 - INFO - 1 change detected
2026-06-23 11:28:58,101 - INFO - 1 change detected
2026-06-23 11:28:58,506 - INFO - 1 change detected
2026-06-23 11:28:58,914 - INFO - 1 change detected
2026-06-23 11:28:59,280 - INFO - 1 change detected
2026-06-23 11:28:59,688 - INFO - 1 change detected
2026-06-23 11:29:00,093 - INFO - 1 change detected
2026-06-23 11:29:00,452 - INFO - 1 change detected
2026-06-23 11:29:00,811 - INFO - 1 change detected
2026-06-23 11:29:01,171 - INFO - 1 change detected
2026-06-23 11:29:01,529 - INFO - 1 change detected
2026-06-23 11:29:01,887 - INFO - 1 change detected
2026-06-23 11:29:02,297 - INFO - 1 change detected
2026-06-23 11:29:02,703 - INFO - 1 change detected
2026-06-23 11:29:03,109 - INFO - 1 change detected
2026-06-23 11:29:03,514 - INFO - 1 change detected
2026-06-23 11:29:03,918 - INFO - 1 change detected
2026-06-23 11:29:04,323 - INFO - 1 change detected
2026-06-23 11:29:04,728 - INFO - 1 change detected
2026-06-23 11:29:05,131 - INFO - 1 change detected
2026-06-23 11:29:05,536 - INFO - 1 change detected
2026-06-23 11:29:05,943 - INFO - 1 change detected
2026-06-23 11:29:06,347 - INFO - 1 change detected
2026-06-23 11:29:06,706 - INFO - 1 change detected
2026-06-23 11:29:07,117 - INFO - 1 change detected
2026-06-23 11:29:07,525 - INFO - 1 change detected
2026-06-23 11:29:07,928 - INFO - 1 change detected
2026-06-23 11:29:08,336 - INFO - 1 change detected
2026-06-23 11:29:08,740 - INFO - 1 change detected
2026-06-23 11:29:09,145 - INFO - 1 change detected
2026-06-23 11:29:09,549 - INFO - 1 change detected
2026-06-23 11:29:09,953 - INFO - 1 change detected
2026-06-23 11:29:10,360 - INFO - 1 change detected
2026-06-23 11:29:10,763 - INFO - 1 change detected
2026-06-23 11:29:11,170 - INFO - 1 change detected
2026-06-23 11:29:11,577 - INFO - 1 change detected
2026-06-23 11:29:11,981 - INFO - 1 change detected
2026-06-23 11:29:12,387 - INFO - 1 change detected
2026-06-23 11:29:12,790 - INFO - 1 change detected
2026-06-23 11:29:13,197 - INFO - 1 change detected
2026-06-23 11:29:13,603 - INFO - 1 change detected
2026-06-23 11:29:14,009 - INFO - 1 change detected
2026-06-23 11:29:14,416 - INFO - 1 change detected
2026-06-23 11:29:14,820 - INFO - 1 change detected
2026-06-23 11:29:15,226 - INFO - 1 change detected
2026-06-23 11:29:15,633 - INFO - 1 change detected
2026-06-23 11:29:16,037 - INFO - 1 change detected
2026-06-23 11:29:16,441 - INFO - 1 change detected
2026-06-23 11:29:16,848 - INFO - 1 change detected
2026-06-23 11:29:17,266 - INFO - 1 change detected
2026-06-23 11:29:17,669 - INFO - 1 change detected
2026-06-23 11:29:18,074 - INFO - 1 change detected
2026-06-23 11:29:18,483 - INFO - 1 change detected
2026-06-23 11:29:18,886 - INFO - 1 change detected
2026-06-23 11:29:19,291 - INFO - 1 change detected
2026-06-23 11:29:19,701 - INFO - 1 change detected
2026-06-23 11:29:20,106 - INFO - 1 change detected
2026-06-23 11:29:20,512 - INFO - 1 change detected
2026-06-23 11:29:20,917 - INFO - 1 change detected
2026-06-23 11:29:21,322 - INFO - 1 change detected
2026-06-23 11:29:21,725 - INFO - 1 change detected
2026-06-23 11:29:22,129 - INFO - 1 change detected
2026-06-23 11:29:22,484 - INFO - 1 change detected
2026-06-23 11:29:22,893 - INFO - 1 change detected
2026-06-23 11:29:23,298 - INFO - 1 change detected
2026-06-23 11:29:23,706 - INFO - 1 change detected
2026-06-23 11:29:24,111 - INFO - 1 change detected
2026-06-23 11:29:24,518 - INFO - 1 change detected
2026-06-23 11:29:24,926 - INFO - 1 change detected
2026-06-23 11:29:25,336 - INFO - 1 change detected
2026-06-23 11:29:25,740 - INFO - 1 change detected
2026-06-23 11:29:26,146 - INFO - 1 change detected
2026-06-23 11:29:26,552 - INFO - 1 change detected
2026-06-23 11:29:26,958 - INFO - 1 change detected
2026-06-23 11:29:27,362 - INFO - 1 change detected
2026-06-23 11:29:27,771 - INFO - 1 change detected
2026-06-23 11:29:28,173 - INFO - 1 change detected
2026-06-23 11:29:28,579 - INFO - 1 change detected
2026-06-23 11:29:28,988 - INFO - 1 change detected
2026-06-23 11:29:29,392 - INFO - 1 change detected
2026-06-23 11:29:29,799 - INFO - 1 change detected
2026-06-23 11:29:30,158 - INFO - 1 change detected
2026-06-23 11:29:30,567 - INFO - 1 change detected
2026-06-23 11:29:30,971 - INFO - 1 change detected
2026-06-23 11:29:31,378 - INFO - 1 change detected
2026-06-23 11:29:31,786 - INFO - 1 change detected
2026-06-23 11:29:32,191 - INFO - 1 change detected
2026-06-23 11:29:32,597 - INFO - 1 change detected
2026-06-23 11:29:33,003 - INFO - 1 change detected
2026-06-23 11:29:33,408 - INFO - 1 change detected
2026-06-23 11:29:33,825 - INFO - 1 change detected
2026-06-23 11:29:34,230 - INFO - 1 change detected
2026-06-23 11:29:34,640 - INFO - 1 change detected
2026-06-23 11:29:35,049 - INFO - 1 change detected
2026-06-23 11:29:35,455 - INFO - 1 change detected
2026-06-23 11:29:35,863 - INFO - 1 change detected
2026-06-23 11:29:36,272 - INFO - 1 change detected
2026-06-23 11:29:36,684 - INFO - 1 change detected
2026-06-23 11:29:37,041 - INFO - 1 change detected
2026-06-23 11:29:37,454 - INFO - 1 change detected
2026-06-23 11:29:37,861 - INFO - 1 change detected
2026-06-23 11:29:38,278 - INFO - 1 change detected
2026-06-23 11:29:38,682 - INFO - 1 change detected
2026-06-23 11:29:39,086 - INFO - 1 change detected
2026-06-23 11:29:39,492 - INFO - 1 change detected
2026-06-23 11:29:39,910 - INFO - 1 change detected
2026-06-23 11:29:40,316 - INFO - 1 change detected
2026-06-23 11:29:40,719 - INFO - 1 change detected
2026-06-23 11:29:41,125 - INFO - 1 change detected
2026-06-23 11:29:41,526 - INFO - 1 change detected
2026-06-23 11:29:41,933 - INFO - 1 change detected
2026-06-23 11:29:42,336 - INFO - 1 change detected
2026-06-23 11:29:42,743 - INFO - 1 change detected
2026-06-23 11:29:43,147 - INFO - 1 change detected
2026-06-23 11:29:43,554 - INFO - 1 change detected
2026-06-23 11:29:43,958 - INFO - 1 change detected
2026-06-23 11:29:44,364 - INFO - 1 change detected
2026-06-23 11:29:44,768 - INFO - 1 change detected
2026-06-23 11:29:45,177 - INFO - 1 change detected
2026-06-23 11:29:45,580 - INFO - 1 change detected
2026-06-23 11:29:45,984 - INFO - 1 change detected
2026-06-23 11:29:46,391 - INFO - 1 change detected
2026-06-23 11:29:46,796 - INFO - 1 change detected
2026-06-23 11:29:47,202 - INFO - 1 change detected
2026-06-23 11:29:47,607 - INFO - 1 change detected
2026-06-23 11:29:48,010 - INFO - 1 change detected
2026-06-23 11:29:48,416 - INFO - 1 change detected
2026-06-23 11:29:48,823 - INFO - 1 change detected
2026-06-23 11:29:49,230 - INFO - 1 change detected
2026-06-23 11:29:49,636 - INFO - 1 change detected
2026-06-23 11:29:50,042 - INFO - 1 change detected
2026-06-23 11:29:50,455 - INFO - 1 change detected
2026-06-23 11:29:50,819 - INFO - 1 change detected
2026-06-23 11:29:51,234 - INFO - 1 change detected
2026-06-23 11:29:51,639 - INFO - 1 change detected
2026-06-23 11:29:52,046 - INFO - 1 change detected
2026-06-23 11:29:52,450 - INFO - 1 change detected
2026-06-23 11:29:52,856 - INFO - 1 change detected
2026-06-23 11:29:53,264 - INFO - 1 change detected
2026-06-23 11:29:53,671 - INFO - 1 change detected
2026-06-23 11:29:54,078 - INFO - 1 change detected
2026-06-23 11:29:54,487 - INFO - 1 change detected
2026-06-23 11:29:54,896 - INFO - 1 change detected
2026-06-23 11:29:55,305 - INFO - 1 change detected
2026-06-23 11:29:55,715 - INFO - 1 change detected
2026-06-23 11:29:56,074 - INFO - 1 change detected
2026-06-23 11:29:56,487 - INFO - 1 change detected
2026-06-23 11:29:56,895 - INFO - 1 change detected
2026-06-23 11:29:57,302 - INFO - 1 change detected
2026-06-23 11:29:57,707 - INFO - 1 change detected
2026-06-23 11:29:58,114 - INFO - 1 change detected
2026-06-23 11:29:58,519 - INFO - 1 change detected
2026-06-23 11:29:58,923 - INFO - 1 change detected
2026-06-23 11:29:59,330 - INFO - 1 change detected
2026-06-23 11:29:59,737 - INFO - 1 change detected
2026-06-23 11:30:00,141 - INFO - 1 change detected
2026-06-23 11:30:00,547 - INFO - 1 change detected
2026-06-23 11:30:00,951 - INFO - 1 change detected
2026-06-23 11:30:01,359 - INFO - 1 change detected
2026-06-23 11:30:01,766 - INFO - 1 change detected
2026-06-23 11:30:02,175 - INFO - 1 change detected
2026-06-23 11:30:02,583 - INFO - 1 change detected
2026-06-23 11:30:02,989 - INFO - 1 change detected
2026-06-23 11:30:03,395 - INFO - 1 change detected
2026-06-23 11:30:03,796 - INFO - 1 change detected
2026-06-23 11:30:04,203 - INFO - 1 change detected
2026-06-23 11:30:04,608 - INFO - 1 change detected
2026-06-23 11:30:05,016 - INFO - 1 change detected
2026-06-23 11:30:05,421 - INFO - 1 change detected
2026-06-23 11:30:05,827 - INFO - 1 change detected
2026-06-23 11:30:06,235 - INFO - 1 change detected
2026-06-23 11:30:06,640 - INFO - 1 change detected
2026-06-23 11:30:07,048 - INFO - 1 change detected
2026-06-23 11:30:07,465 - INFO - 1 change detected
2026-06-23 11:30:07,872 - INFO - 1 change detected
2026-06-23 11:30:08,275 - INFO - 1 change detected
2026-06-23 11:30:08,681 - INFO - 1 change detected
2026-06-23 11:30:09,089 - INFO - 1 change detected
2026-06-23 11:30:09,447 - INFO - 1 change detected
2026-06-23 11:30:09,857 - INFO - 1 change detected
2026-06-23 11:30:10,267 - INFO - 1 change detected
2026-06-23 11:30:10,674 - INFO - 1 change detected
2026-06-23 11:30:11,084 - INFO - 1 change detected
2026-06-23 11:30:11,490 - INFO - 1 change detected
2026-06-23 11:30:11,846 - INFO - 1 change detected
2026-06-23 11:30:12,255 - INFO - 1 change detected
2026-06-23 11:30:12,660 - INFO - 1 change detected
2026-06-23 11:30:13,066 - INFO - 1 change detected
2026-06-23 11:30:13,469 - INFO - 1 change detected
2026-06-23 11:30:13,878 - INFO - 1 change detected
2026-06-23 11:30:14,282 - INFO - 1 change detected
2026-06-23 11:30:14,687 - INFO - 1 change detected
2026-06-23 11:30:15,092 - INFO - 1 change detected
2026-06-23 11:30:15,499 - INFO - 1 change detected
2026-06-23 11:30:15,954 - INFO - 1 change detected
2026-06-23 11:30:16,320 - INFO - 1 change detected
2026-06-23 11:30:16,782 - INFO - 1 change detected
2026-06-23 11:30:17,145 - INFO - 1 change detected
2026-06-23 11:30:17,554 - INFO - 1 change detected
2026-06-23 11:30:17,960 - INFO - 1 change detected
2026-06-23 11:30:18,368 - INFO - 1 change detected
2026-06-23 11:30:18,824 - INFO - 1 change detected
2026-06-23 11:30:19,188 - INFO - 1 change detected
2026-06-23 11:30:19,598 - INFO - 1 change detected
2026-06-23 11:30:20,005 - INFO - 1 change detected
2026-06-23 11:30:20,411 - INFO - 1 change detected
2026-06-23 11:30:20,830 - INFO - 1 change detected
2026-06-23 11:30:21,236 - INFO - 1 change detected
2026-06-23 11:30:21,640 - INFO - 1 change detected
2026-06-23 11:30:22,049 - INFO - 1 change detected
2026-06-23 11:30:22,453 - INFO - 1 change detected
2026-06-23 11:30:22,906 - INFO - 1 change detected
2026-06-23 11:30:23,262 - INFO - 1 change detected
2026-06-23 11:30:23,671 - INFO - 1 change detected
2026-06-23 11:30:24,074 - INFO - 1 change detected
2026-06-23 11:30:24,482 - INFO - 1 change detected
2026-06-23 11:30:24,888 - INFO - 1 change detected
2026-06-23 11:30:25,292 - INFO - 1 change detected
2026-06-23 11:30:25,696 - INFO - 1 change detected
2026-06-23 11:30:26,099 - INFO - 1 change detected
2026-06-23 11:30:26,506 - INFO - 1 change detected
2026-06-23 11:30:26,913 - INFO - 1 change detected
2026-06-23 11:30:27,331 - INFO - 1 change detected
2026-06-23 11:30:27,735 - INFO - 1 change detected
2026-06-23 11:30:28,141 - INFO - 1 change detected
2026-06-23 11:30:28,548 - INFO - 1 change detected
2026-06-23 11:30:28,954 - INFO - 1 change detected
2026-06-23 11:30:29,361 - INFO - 1 change detected
2026-06-23 11:30:29,769 - INFO - 1 change detected
2026-06-23 11:30:30,174 - INFO - 1 change detected
2026-06-23 11:30:30,581 - INFO - 1 change detected
2026-06-23 11:30:30,987 - INFO - 1 change detected
2026-06-23 11:30:31,394 - INFO - 1 change detected
2026-06-23 11:30:31,803 - INFO - 1 change detected
2026-06-23 11:30:32,207 - INFO - 1 change detected
2026-06-23 11:30:32,614 - INFO - 1 change detected
2026-06-23 11:30:33,018 - INFO - 1 change detected
2026-06-23 11:30:33,422 - INFO - 1 change detected
2026-06-23 11:30:33,780 - INFO - 1 change detected
2026-06-23 11:30:34,191 - INFO - 1 change detected
2026-06-23 11:30:34,598 - INFO - 1 change detected
2026-06-23 11:30:35,004 - INFO - 1 change detected
2026-06-23 11:30:35,409 - INFO - 1 change detected
2026-06-23 11:30:35,815 - INFO - 1 change detected
2026-06-23 11:30:36,222 - INFO - 1 change detected
2026-06-23 11:30:36,629 - INFO - 1 change detected
2026-06-23 11:30:37,035 - INFO - 1 change detected
2026-06-23 11:30:37,441 - INFO - 1 change detected
2026-06-23 11:30:37,849 - INFO - 1 change detected
2026-06-23 11:30:38,255 - INFO - 1 change detected
2026-06-23 11:30:38,659 - INFO - 1 change detected
2026-06-23 11:30:39,064 - INFO - 1 change detected
2026-06-23 11:30:39,471 - INFO - 1 change detected
2026-06-23 11:30:39,880 - INFO - 1 change detected
2026-06-23 11:30:40,284 - INFO - 1 change detected
2026-06-23 11:30:40,692 - INFO - 1 change detected
2026-06-23 11:30:41,099 - INFO - 1 change detected
2026-06-23 11:30:41,502 - INFO - 1 change detected
2026-06-23 11:30:41,908 - INFO - 1 change detected
2026-06-23 11:30:42,313 - INFO - 1 change detected
2026-06-23 11:30:42,722 - INFO - 1 change detected
2026-06-23 11:30:43,081 - INFO - 1 change detected
2026-06-23 11:30:43,492 - INFO - 1 change detected
2026-06-23 11:30:43,901 - INFO - 1 change detected
2026-06-23 11:30:44,311 - INFO - 1 change detected
2026-06-23 11:30:44,720 - INFO - 1 change detected
2026-06-23 11:30:45,125 - INFO - 1 change detected
2026-06-23 11:30:45,531 - INFO - 1 change detected
2026-06-23 11:30:45,936 - INFO - 1 change detected
2026-06-23 11:30:46,343 - INFO - 1 change detected
2026-06-23 11:30:46,748 - INFO - 1 change detected
2026-06-23 11:30:47,152 - INFO - 1 change detected
2026-06-23 11:30:47,555 - INFO - 1 change detected
2026-06-23 11:30:47,963 - INFO - 1 change detected
2026-06-23 11:30:48,366 - INFO - 1 change detected
2026-06-23 11:30:48,772 - INFO - 1 change detected
2026-06-23 11:30:49,175 - INFO - 1 change detected
2026-06-23 11:30:49,578 - INFO - 1 change detected
2026-06-23 11:30:49,983 - INFO - 1 change detected
2026-06-23 11:30:50,392 - INFO - 1 change detected
2026-06-23 11:30:50,799 - INFO - 1 change detected
2026-06-23 11:30:51,205 - INFO - 1 change detected
2026-06-23 11:30:51,611 - INFO - 1 change detected
2026-06-23 11:30:52,016 - INFO - 1 change detected
2026-06-23 11:30:52,423 - INFO - 1 change detected
2026-06-23 11:30:52,826 - INFO - 1 change detected
2026-06-23 11:30:53,231 - INFO - 1 change detected
2026-06-23 11:30:53,637 - INFO - 1 change detected
2026-06-23 11:30:54,042 - INFO - 1 change detected
2026-06-23 11:30:54,447 - INFO - 1 change detected
2026-06-23 11:30:54,855 - INFO - 1 change detected
2026-06-23 11:30:55,262 - INFO - 1 change detected
2026-06-23 11:30:55,668 - INFO - 1 change detected
2026-06-23 11:30:56,075 - INFO - 1 change detected
2026-06-23 11:30:56,484 - INFO - 1 change detected
2026-06-23 11:30:56,891 - INFO - 1 change detected
2026-06-23 11:30:57,294 - INFO - 1 change detected
2026-06-23 11:30:57,698 - INFO - 1 change detected
2026-06-23 11:30:58,101 - INFO - 1 change detected
2026-06-23 11:30:58,508 - INFO - 1 change detected
2026-06-23 11:30:58,914 - INFO - 1 change detected
2026-06-23 11:30:59,317 - INFO - 1 change detected
2026-06-23 11:30:59,723 - INFO - 1 change detected
2026-06-23 11:31:00,129 - INFO - 1 change detected
2026-06-23 11:31:00,534 - INFO - 1 change detected
2026-06-23 11:31:00,939 - INFO - 1 change detected
2026-06-23 11:31:01,345 - INFO - 1 change detected
2026-06-23 11:31:01,749 - INFO - 1 change detected
2026-06-23 11:31:02,153 - INFO - 1 change detected
2026-06-23 11:31:02,558 - INFO - 1 change detected
2026-06-23 11:31:02,966 - INFO - 1 change detected
2026-06-23 11:31:03,370 - INFO - 1 change detected
2026-06-23 11:31:03,779 - INFO - 1 change detected
2026-06-23 11:31:04,238 - INFO - 1 change detected
2026-06-23 11:31:04,691 - INFO - 1 change detected
2026-06-23 11:31:05,097 - INFO - 1 change detected
2026-06-23 11:31:05,504 - INFO - 1 change detected
2026-06-23 11:31:05,864 - INFO - 1 change detected
2026-06-23 11:31:06,274 - INFO - 1 change detected
2026-06-23 11:31:06,687 - INFO - 1 change detected
2026-06-23 11:31:07,095 - INFO - 1 change detected
2026-06-23 11:31:07,501 - INFO - 1 change detected
2026-06-23 11:31:07,909 - INFO - 1 change detected
2026-06-23 11:31:08,265 - INFO - 1 change detected
2026-06-23 11:31:08,677 - INFO - 1 change detected
2026-06-23 11:31:09,085 - INFO - 1 change detected
2026-06-23 11:31:09,491 - INFO - 1 change detected
2026-06-23 11:31:09,946 - INFO - 1 change detected
2026-06-23 11:31:10,302 - INFO - 1 change detected
2026-06-23 11:31:10,713 - INFO - 1 change detected
2026-06-23 11:31:11,127 - INFO - 1 change detected
2026-06-23 11:31:11,535 - INFO - 1 change detected
2026-06-23 11:31:11,946 - INFO - 1 change detected
2026-06-23 11:31:12,352 - INFO - 1 change detected
2026-06-23 11:31:12,757 - INFO - 1 change detected
2026-06-23 11:31:13,161 - INFO - 1 change detected
2026-06-23 11:31:13,518 - INFO - 1 change detected
2026-06-23 11:31:13,928 - INFO - 1 change detected
2026-06-23 11:31:14,335 - INFO - 1 change detected
2026-06-23 11:31:14,746 - INFO - 1 change detected
2026-06-23 11:31:15,406 - INFO - 1 change detected
2026-06-23 11:31:15,813 - INFO - 1 change detected
2026-06-23 11:31:16,220 - INFO - 1 change detected
2026-06-23 11:31:16,627 - INFO - 1 change detected
2026-06-23 11:31:16,983 - INFO - 1 change detected
2026-06-23 11:31:17,397 - INFO - 1 change detected
2026-06-23 11:31:17,804 - INFO - 1 change detected
2026-06-23 11:31:18,214 - INFO - 1 change detected
2026-06-23 11:31:18,620 - INFO - 1 change detected
2026-06-23 11:31:19,027 - INFO - 1 change detected
2026-06-23 11:31:19,432 - INFO - 1 change detected
2026-06-23 11:31:19,841 - INFO - 1 change detected
2026-06-23 11:31:20,251 - INFO - 1 change detected
2026-06-23 11:31:20,661 - INFO - 1 change detected
2026-06-23 11:31:21,067 - INFO - 1 change detected
2026-06-23 11:31:21,473 - INFO - 1 change detected
2026-06-23 11:31:21,878 - INFO - 1 change detected
2026-06-23 11:31:22,286 - INFO - 1 change detected
2026-06-23 11:31:22,689 - INFO - 1 change detected
2026-06-23 11:31:23,097 - INFO - 1 change detected
2026-06-23 11:31:23,502 - INFO - 1 change detected
2026-06-23 11:31:24,111 - INFO - 1 change detected
2026-06-23 11:31:24,475 - INFO - 1 change detected
2026-06-23 11:31:24,889 - INFO - 1 change detected
2026-06-23 11:31:25,298 - INFO - 1 change detected
2026-06-23 11:31:25,806 - INFO - 1 change detected
2026-06-23 11:31:26,212 - INFO - 1 change detected
2026-06-23 11:31:26,617 - INFO - 1 change detected
2026-06-23 11:31:27,025 - INFO - 1 change detected
2026-06-23 11:31:27,431 - INFO - 1 change detected
2026-06-23 11:31:27,838 - INFO - 1 change detected
2026-06-23 11:31:28,292 - INFO - 1 change detected
2026-06-23 11:31:28,745 - INFO - 1 change detected
2026-06-23 11:31:29,151 - INFO - 1 change detected
2026-06-23 11:31:29,560 - INFO - 1 change detected
2026-06-23 11:31:30,418 - INFO - 1 change detected
2026-06-23 11:31:30,773 - INFO - 1 change detected
2026-06-23 11:31:31,183 - INFO - 1 change detected
2026-06-23 11:31:31,842 - INFO - 1 change detected
2026-06-23 11:31:32,248 - INFO - 1 change detected
2026-06-23 11:31:32,657 - INFO - 1 change detected
2026-06-23 11:31:33,064 - INFO - 1 change detected
2026-06-23 11:31:33,423 - INFO - 1 change detected
2026-06-23 11:31:33,836 - INFO - 1 change detected
2026-06-23 11:31:34,243 - INFO - 1 change detected
2026-06-23 11:31:34,648 - INFO - 1 change detected
2026-06-23 11:31:35,509 - INFO - 1 change detected
2026-06-23 11:31:35,864 - INFO - 1 change detected
2026-06-23 11:31:36,272 - INFO - 1 change detected
2026-06-23 11:31:36,683 - INFO - 1 change detected
2026-06-23 11:31:37,193 - INFO - 1 change detected
2026-06-23 11:31:37,597 - INFO - 1 change detected
2026-06-23 11:31:38,208 - INFO - 1 change detected
2026-06-23 11:31:38,566 - INFO - 1 change detected
2026-06-23 11:31:38,973 - INFO - 1 change detected
2026-06-23 11:31:39,632 - INFO - 1 change detected
2026-06-23 11:31:40,038 - INFO - 1 change detected
2026-06-23 11:31:40,394 - INFO - 1 change detected
2026-06-23 11:31:40,807 - INFO - 1 change detected
2026-06-23 11:31:41,217 - INFO - 1 change detected
2026-06-23 11:31:41,575 - INFO - 1 change detected
2026-06-23 11:31:41,988 - INFO - 1 change detected
2026-06-23 11:31:42,399 - INFO - 1 change detected
2026-06-23 11:31:42,809 - INFO - 1 change detected
2026-06-23 11:31:43,215 - INFO - 1 change detected
2026-06-23 11:31:43,622 - INFO - 1 change detected
2026-06-23 11:31:43,983 - INFO - 1 change detected
2026-06-23 11:31:44,396 - INFO - 1 change detected
2026-06-23 11:31:45,061 - INFO - 1 change detected
2026-06-23 11:31:45,422 - INFO - 1 change detected
2026-06-23 11:31:45,784 - INFO - 1 change detected
2026-06-23 11:31:46,295 - INFO - 1 change detected
2026-06-23 11:31:46,659 - INFO - 1 change detected
2026-06-23 11:31:47,072 - INFO - 1 change detected
2026-06-23 11:31:47,478 - INFO - 1 change detected
2026-06-23 11:31:47,888 - INFO - 1 change detected
2026-06-23 11:31:48,296 - INFO - 1 change detected
2026-06-23 11:31:48,657 - INFO - 1 change detected
2026-06-23 11:31:49,018 - INFO - 1 change detected
2026-06-23 11:31:49,431 - INFO - 1 change detected
2026-06-23 11:31:50,342 - INFO - 1 change detected
2026-06-23 11:31:50,795 - INFO - 1 change detected
2026-06-23 11:31:51,204 - INFO - 1 change detected
2026-06-23 11:31:51,615 - INFO - 1 change detected
2026-06-23 11:31:52,020 - INFO - 1 change detected
2026-06-23 11:31:52,380 - INFO - 1 change detected
2026-06-23 11:31:52,789 - INFO - 1 change detected
2026-06-23 11:31:53,196 - INFO - 1 change detected
2026-06-23 11:31:53,604 - INFO - 1 change detected
2026-06-23 11:31:54,013 - INFO - 1 change detected
2026-06-23 11:31:54,417 - INFO - 1 change detected
2026-06-23 11:31:54,824 - INFO - 1 change detected
2026-06-23 11:31:55,230 - INFO - 1 change detected
2026-06-23 11:31:55,642 - INFO - 1 change detected
2026-06-23 11:31:56,045 - INFO - 1 change detected
2026-06-23 11:31:56,453 - INFO - 1 change detected
2026-06-23 11:31:56,858 - INFO - 1 change detected
2026-06-23 11:31:57,269 - INFO - 1 change detected
2026-06-23 11:31:57,680 - INFO - 1 change detected
2026-06-23 11:31:58,082 - INFO - 1 change detected
2026-06-23 11:31:58,489 - INFO - 1 change detected
2026-06-23 11:31:58,894 - INFO - 1 change detected
2026-06-23 11:31:59,298 - INFO - 1 change detected
2026-06-23 11:31:59,705 - INFO - 1 change detected
2026-06-23 11:32:00,110 - INFO - 1 change detected
2026-06-23 11:32:00,768 - INFO - 1 change detected
2026-06-23 11:32:01,170 - INFO - 1 change detected
2026-06-23 11:32:01,577 - INFO - 1 change detected
2026-06-23 11:32:01,929 - INFO - 1 change detected
2026-06-23 11:32:02,287 - INFO - 1 change detected
2026-06-23 11:32:02,646 - INFO - 1 change detected
2026-06-23 11:32:03,056 - INFO - 1 change detected
2026-06-23 11:32:03,460 - INFO - 1 change detected
2026-06-23 11:32:03,866 - INFO - 1 change detected
2026-06-23 11:32:04,272 - INFO - 1 change detected
2026-06-23 11:32:04,678 - INFO - 1 change detected
2026-06-23 11:32:05,083 - INFO - 1 change detected
2026-06-23 11:32:05,486 - INFO - 1 change detected
2026-06-23 11:32:05,892 - INFO - 1 change detected
2026-06-23 11:32:06,301 - INFO - 1 change detected
2026-06-23 11:32:06,710 - INFO - 1 change detected
2026-06-23 11:32:07,113 - INFO - 1 change detected
2026-06-23 11:32:07,518 - INFO - 1 change detected
2026-06-23 11:32:07,925 - INFO - 1 change detected
2026-06-23 11:32:08,328 - INFO - 1 change detected
2026-06-23 11:32:08,732 - INFO - 1 change detected
2026-06-23 11:32:09,093 - INFO - 1 change detected
2026-06-23 11:32:09,501 - INFO - 1 change detected
2026-06-23 11:32:09,907 - INFO - 1 change detected
2026-06-23 11:32:10,317 - INFO - 1 change detected
2026-06-23 11:32:10,723 - INFO - 1 change detected
2026-06-23 11:32:11,128 - INFO - 1 change detected
2026-06-23 11:32:11,531 - INFO - 1 change detected
2026-06-23 11:32:11,938 - INFO - 1 change detected
2026-06-23 11:32:12,344 - INFO - 1 change detected
2026-06-23 11:32:12,748 - INFO - 1 change detected
2026-06-23 11:32:13,156 - INFO - 1 change detected
2026-06-23 11:32:13,561 - INFO - 1 change detected
2026-06-23 11:32:13,968 - INFO - 1 change detected
2026-06-23 11:32:14,371 - INFO - 1 change detected
2026-06-23 11:32:14,775 - INFO - 1 change detected
2026-06-23 11:32:15,182 - INFO - 1 change detected
2026-06-23 11:32:15,586 - INFO - 1 change detected
2026-06-23 11:32:15,995 - INFO - 1 change detected
2026-06-23 11:32:16,401 - INFO - 1 change detected
2026-06-23 11:32:16,807 - INFO - 1 change detected
2026-06-23 11:32:17,213 - INFO - 1 change detected
2026-06-23 11:32:17,619 - INFO - 1 change detected
2026-06-23 11:32:18,029 - INFO - 1 change detected
2026-06-23 11:32:18,435 - INFO - 1 change detected
2026-06-23 11:32:18,842 - INFO - 1 change detected
2026-06-23 11:32:19,247 - INFO - 1 change detected
2026-06-23 11:32:19,652 - INFO - 1 change detected
2026-06-23 11:32:20,057 - INFO - 1 change detected
2026-06-23 11:32:20,463 - INFO - 1 change detected
2026-06-23 11:32:20,869 - INFO - 1 change detected
2026-06-23 11:32:21,277 - INFO - 1 change detected
2026-06-23 11:32:21,634 - INFO - 1 change detected
2026-06-23 11:32:22,045 - INFO - 1 change detected
2026-06-23 11:32:22,452 - INFO - 1 change detected
2026-06-23 11:32:22,856 - INFO - 1 change detected
2026-06-23 11:32:23,263 - INFO - 1 change detected
2026-06-23 11:32:23,667 - INFO - 1 change detected
2026-06-23 11:32:24,073 - INFO - 1 change detected
2026-06-23 11:32:24,480 - INFO - 1 change detected
2026-06-23 11:32:24,887 - INFO - 1 change detected
2026-06-23 11:32:25,294 - INFO - 1 change detected
2026-06-23 11:32:25,702 - INFO - 1 change detected
2026-06-23 11:32:26,106 - INFO - 1 change detected
2026-06-23 11:32:26,512 - INFO - 1 change detected
2026-06-23 11:32:26,919 - INFO - 1 change detected
2026-06-23 11:32:27,325 - INFO - 1 change detected
2026-06-23 11:32:27,730 - INFO - 1 change detected
2026-06-23 11:32:28,135 - INFO - 1 change detected
2026-06-23 11:32:28,541 - INFO - 1 change detected
2026-06-23 11:32:28,946 - INFO - 1 change detected
2026-06-23 11:32:29,352 - INFO - 1 change detected
2026-06-23 11:32:29,759 - INFO - 1 change detected
2026-06-23 11:32:30,170 - INFO - 1 change detected
2026-06-23 11:32:30,576 - INFO - 1 change detected
2026-06-23 11:32:30,980 - INFO - 1 change detected
2026-06-23 11:32:31,387 - INFO - 1 change detected
2026-06-23 11:32:31,790 - INFO - 1 change detected
2026-06-23 11:32:32,196 - INFO - 1 change detected
2026-06-23 11:32:32,601 - INFO - 1 change detected
2026-06-23 11:32:33,009 - INFO - 1 change detected
2026-06-23 11:32:33,412 - INFO - 1 change detected
2026-06-23 11:32:33,819 - INFO - 1 change detected
2026-06-23 11:32:34,224 - INFO - 1 change detected
2026-06-23 11:32:34,626 - INFO - 1 change detected
2026-06-23 11:32:35,031 - INFO - 1 change detected
2026-06-23 11:32:35,438 - INFO - 1 change detected
2026-06-23 11:32:35,843 - INFO - 1 change detected
2026-06-23 11:32:36,249 - INFO - 1 change detected
2026-06-23 11:32:36,602 - INFO - 1 change detected
2026-06-23 11:32:37,014 - INFO - 1 change detected
2026-06-23 11:32:37,420 - INFO - 1 change detected
2026-06-23 11:32:37,823 - INFO - 1 change detected
2026-06-23 11:32:38,229 - INFO - 1 change detected
2026-06-23 11:32:38,638 - INFO - 1 change detected
2026-06-23 11:32:39,045 - INFO - 1 change detected
2026-06-23 11:32:39,447 - INFO - 1 change detected
2026-06-23 11:32:39,851 - INFO - 1 change detected
2026-06-23 11:32:40,259 - INFO - 1 change detected
2026-06-23 11:32:40,669 - INFO - 1 change detected
2026-06-23 11:32:41,076 - INFO - 1 change detected
2026-06-23 11:32:41,479 - INFO - 1 change detected
2026-06-23 11:32:41,886 - INFO - 1 change detected
2026-06-23 11:32:42,293 - INFO - 1 change detected
2026-06-23 11:32:42,697 - INFO - 1 change detected
2026-06-23 11:32:43,101 - INFO - 1 change detected
2026-06-23 11:32:43,510 - INFO - 1 change detected
2026-06-23 11:32:43,916 - INFO - 1 change detected
2026-06-23 11:32:44,321 - INFO - 1 change detected
2026-06-23 11:32:44,725 - INFO - 1 change detected
2026-06-23 11:32:45,132 - INFO - 1 change detected
2026-06-23 11:32:45,541 - INFO - 1 change detected
2026-06-23 11:32:45,945 - INFO - 1 change detected
2026-06-23 11:32:46,349 - INFO - 1 change detected
2026-06-23 11:32:46,756 - INFO - 1 change detected
2026-06-23 11:32:47,162 - INFO - 1 change detected
2026-06-23 11:32:47,571 - INFO - 1 change detected
2026-06-23 11:32:47,979 - INFO - 1 change detected
2026-06-23 11:32:48,385 - INFO - 1 change detected
2026-06-23 11:32:48,789 - INFO - 1 change detected
2026-06-23 11:32:49,195 - INFO - 1 change detected
2026-06-23 11:32:49,600 - INFO - 1 change detected
2026-06-23 11:32:50,006 - INFO - 1 change detected
2026-06-23 11:32:50,411 - INFO - 1 change detected
2026-06-23 11:32:50,817 - INFO - 1 change detected
2026-06-23 11:32:51,224 - INFO - 1 change detected
2026-06-23 11:32:51,628 - INFO - 1 change detected
2026-06-23 11:32:52,036 - INFO - 1 change detected
2026-06-23 11:32:52,443 - INFO - 1 change detected
2026-06-23 11:32:52,850 - INFO - 1 change detected
2026-06-23 11:32:53,254 - INFO - 1 change detected
2026-06-23 11:32:53,658 - INFO - 1 change detected
2026-06-23 11:32:54,063 - INFO - 1 change detected
2026-06-23 11:32:54,468 - INFO - 1 change detected
2026-06-23 11:32:54,872 - INFO - 1 change detected
2026-06-23 11:32:55,277 - INFO - 1 change detected
2026-06-23 11:32:55,683 - INFO - 1 change detected
2026-06-23 11:32:56,088 - INFO - 1 change detected
2026-06-23 11:32:56,446 - INFO - 1 change detected
2026-06-23 11:32:56,856 - INFO - 1 change detected
2026-06-23 11:32:57,261 - INFO - 1 change detected
2026-06-23 11:32:57,666 - INFO - 1 change detected
2026-06-23 11:32:58,074 - INFO - 1 change detected
2026-06-23 11:32:58,478 - INFO - 1 change detected
